ID(非必填),縣市(必填),鄉鎮(必填),村里(可不填),鄰(可不填),地址(必填)
6,臺北市,松山區,,,南京東路五段250巷36弄8號1樓
7,宜蘭縣,頭城鎮,,,青雲路三段750號
8,宜蘭縣,頭城鎮,,,青雲路三段750號
9,宜蘭縣,頭城鎮,,,青雲路三段750號
10,宜蘭縣,頭城鎮,,,青雲路三段750號
11,基隆市,中正區,,,北寧路367號
12,基隆市,中正區,,,北寧路367號
13,基隆市,中正區,,,北寧路367號
46,臺北市,中正區,,,徐州路46號
47,臺北市,士林區,,,士商路189號
48,臺中市,404,,,53 臺中市北區館前路一號
49,,,,,
50,臺北市,中正區,,,中正區羅斯福路二段
51,基隆市,仁愛區,,,港西街四號
52,基隆市,仁愛區,,,港西街四號
14,基隆市,中正區,,,北寧路367號
15,基隆市,中正區,,,北寧路367號
16,基隆市,中正區,,,北寧路367號
17,臺北市,士林區,,,士商路189號
18,臺北市,士林區,,,士商路189號
19,臺北市,士林區,,,士商路189號
20,臺北市,士林區,,,士商路189號
21,臺北市,士林區,,,士商路189號
22,臺北市,士林區,,,士商路189號
23,臺北市,士林區,,,士商路189號
24,臺北市,士林區,,,士商路189號
25,臺北市,士林區,,,士商路189號
26,臺北市,士林區,,,士商路189號
27,臺北市,士林區,,,士商路189號
28,臺北市,士林區,,,士商路189號
29,臺北市,士林區,,,士商路189號
30,臺北市,士林區,,,士商路189號
31,臺北市,士林區,,,士商路189號
32,臺北市,士林區,,,士商路189號
33,臺北市,士林區,,,士商路189號
34,臺北市,士林區,,,士商路189號
35,臺北市,士林區,,,士商路189號
36,臺北市,士林區,,,士商路189號
37,臺北市,士林區,,,士商路189號
38,臺北市,士林區,,,士商路189號
39,臺北市,士林區,,,士商路189號
40,臺北市,士林區,,,士商路189號
41,臺北市,士林區,,,士商路189號
42,臺中市,北區,,,館前路1號
43,,,,,
44,屏東縣,車城鄉,,,後灣村後灣路2號
45,臺北市,中正區,,,徐州路46號
1,臺北市,中山南,,,路21-1號，愛國東路側
2,臺北市,中正區,,,南昌路一段一號
3,臺北市,松山區,,,市民大道5段99號4樓
4,臺北市,大安區,,,新生南路一段161巷35-1號2樓
5,臺北市,中正區,,,青島西路7號7樓
64,臺南市,西門路,,,一段６８９巷５９號
65,臺北市,松山健,,,康公宅、文山興隆公宅、萬華青年公宅
66,桃園市,新屋區,,,中興路91巷11號
67,桃園市,新屋區,,,中興路91巷11號
68,基隆市,中正區,,,信一路181號
69,,,,,
70,屏東縣,車城鄉,,,後灣村後灣路2號
71,臺北市,松山區,,,南京東路五段250巷36弄8號1樓
72,國立歷,史博物,,,館
73,臺北市,中正區,,,襄陽路25號 (臺博館斜對面)
74,臺南市,安南區,,,安中路四段290巷325弄65號
75,高雄市,苓雅區,,,五福一路67號
76,,,,,
77,臺中市,南區,,,興路三段362號
78,基隆市,仁愛區,,,港西街四號
79,臺中市,霧峰區,,,中正路738-1號
80,臺南市,東區,,,中華東路3段332號
81,,,,,
82,臺南市,中西區,,,中華西路二段34號
83,臺北市,信義區,,,West Dr. Sun Yat-sen’s History Exhibition Room(1F)
84,台北市,文山區,,,景文街32號
85,高雄市,路竹區,,,24鄰國昌路86巷9號
86,高雄市,路竹區,,,24鄰國昌路86巷9號
87,台北市,八德路,,,三段25號
88,臺中市,南區,,,興路三段362號
89,屏東縣,車城鄉,,,後灣村後灣路2號
90,苗栗縣,銅鑼鄉,,,銅科南路6號
91,苗栗縣,竹南鎮,,,公園路206號
92,高雄市,鼓山區,,,4鄰鼓山三路19-3號
93,臺北市,松山區,,,八德路三段25號(臺北市藝文推廣處)
94,臺北市,松山區,,,八德路三段25號(臺北市藝文推廣處)
95,臺北市,松山區,,,八德路三段25號(臺北市藝文推廣處)
96,臺北市,松山區,,,八德路三段25號(臺北市藝文推廣處)
97,臺北市,松山區,,,八德路三段25號(臺北市藝文推廣處)
98,臺北市,松山區,,,八德路三段25號(臺北市藝文推廣處)
99,臺北市,松山區,,,八德路三段25號(臺北市藝文推廣處)
100,臺北市,松山區,,,八德路三段25號(臺北市藝文推廣處)
53,臺中市,nul,,,l中山路二段435號
54,屏東縣,車城鄉,,,後灣村後灣路2號
55,臺北市,士林區,,,士商路189號
56,臺北市,中正區,,,齊東街53巷11號
57,臺東縣,臺東市,,,南京路25號
58,臺北市,中正區,,,齊東街53巷11號
59,臺中市,北區,,,館前路1號
60,宜蘭縣,五結鄉,,,五濱路二段201號
61,高雄市,鳳山區,,,三多一路1號
62,基隆市,仁愛區,,,港西街四號
63,基隆市,仁愛區,,,港西街四號
110,臺北市,松山區,,,八德路三段25號(臺北市藝文推廣處)
111,臺北市,松山區,,,八德路三段25號(臺北市藝文推廣處)
112,臺北市,松山區,,,八德路三段25號(臺北市藝文推廣處)
113,臺北市,松山區,,,八德路三段25號(臺北市藝文推廣處)
122,臺北市,松山區,,,八德路三段25號(臺北市藝文推廣處)
123,臺北市,松山區,,,八德路三段25號(臺北市藝文推廣處)
124,臺北市,松山區,,,八德路三段25號(臺北市藝文推廣處)
125,臺北市,松山區,,,八德路三段25號(臺北市藝文推廣處)
126,臺北市,松山區,,,八德路三段25號(臺北市藝文推廣處)
127,臺北市,松山區,,,八德路三段25號(臺北市藝文推廣處)
128,臺北市,松山區,,,八德路三段25號(臺北市藝文推廣處)
129,臺北市,松山區,,,八德路三段25號(臺北市藝文推廣處)
130,臺北市,松山區,,,八德路三段25號(臺北市藝文推廣處)
131,臺北市,松山區,,,八德路三段25號(臺北市藝文推廣處)
132,臺北市,松山區,,,八德路三段25號(臺北市藝文推廣處)
133,臺北市,松山區,,,八德路三段25號(臺北市藝文推廣處)
134,臺北市,松山區,,,八德路三段25號(臺北市藝文推廣處)
135,臺北市,松山區,,,八德路三段25號(臺北市藝文推廣處)
136,臺北市,松山區,,,八德路三段25號(臺北市藝文推廣處)
137,臺北市,松山區,,,八德路三段25號(臺北市藝文推廣處)
138,臺北市,松山區,,,八德路三段25號(臺北市藝文推廣處)
139,臺北市,松山區,,,八德路三段25號(臺北市藝文推廣處)
114,臺北市,松山區,,,八德路三段25號(臺北市藝文推廣處)
115,臺北市,松山區,,,八德路三段25號(臺北市藝文推廣處)
116,臺北市,松山區,,,八德路三段25號(臺北市藝文推廣處)
117,臺北市,松山區,,,八德路三段25號(臺北市藝文推廣處)
118,臺北市,松山區,,,八德路三段25號(臺北市藝文推廣處)
119,臺北市,松山區,,,八德路三段25號(臺北市藝文推廣處)
120,臺北市,松山區,,,八德路三段25號(臺北市藝文推廣處)
121,臺北市,松山區,,,八德路三段25號(臺北市藝文推廣處)
101,臺北市,松山區,,,八德路三段25號(臺北市藝文推廣處)
102,臺北市,松山區,,,八德路三段25號(臺北市藝文推廣處)
103,臺北市,松山區,,,八德路三段25號(臺北市藝文推廣處)
104,臺北市,松山區,,,八德路三段25號(臺北市藝文推廣處)
105,臺北市,松山區,,,八德路三段25號(臺北市藝文推廣處)
106,臺北市,松山區,,,八德路三段25號(臺北市藝文推廣處)
107,臺北市,松山區,,,八德路三段25號(臺北市藝文推廣處)
108,臺北市,松山區,,,八德路三段25號(臺北市藝文推廣處)
109,臺北市,松山區,,,八德路三段25號(臺北市藝文推廣處)
163,南投縣,草屯鎮,,,中正路573號
164,南投縣,草屯鎮,,,中正路573號
165,南投縣,草屯鎮,,,中正路573號
166,高雄市,楠梓區,,,17鄰藍昌路72號
167,高雄市,鹽埕區,,,1鄰大仁路179號5樓、6樓
168,高雄市,鹽埕區,,,河西路99號
169,高雄市,鼓山區,,,4鄰鼓山三路19-3號
170,高雄市,楠梓區,,,17鄰藍昌路72號
171,高雄市,楠梓區,,,17鄰藍昌路72號
172,高雄市,鼓山區,,,4鄰鼓山三路19-3號
173,高雄市,鼓山區,,,4鄰鼓山三路19-3號
174,高雄市,鼓山區,,,4鄰鼓山三路19-3號
175,高雄市,鼓山區,,,4鄰鼓山三路19-3號
176,臺北市,中山南,,,路21-1號
177,高雄市,前鎮區,,,新光路61號
178,南投縣,南投市,,,光明一路252號
179,南投縣,南投市,,,光明一路252號
180,高雄市,楠梓區,,,17鄰藍昌路72號
181,高雄市,楠梓區,,,17鄰藍昌路72號
182,高雄市,楠梓區,,,17鄰藍昌路72號
183,高雄市,楠梓區,,,17鄰藍昌路72號
184,高雄市,燕巢區,,,2鄰中民路592號
185,高雄市,鹽埕區,,,1鄰大仁路179號5樓、6樓
186,屏東市,民生路,,,4-17號
187,高雄市,前鎮區,,,8鄰新衙路17號
188,高雄市,左營區,,,2鄰啟文路12號
189,高雄市,鼓山區,,,馬卡道路330號
190,高雄市,鼓山區,,,馬卡道路330號
191,高雄市,楠梓區,,,17鄰藍昌路72號
192,高雄市,楠梓區,,,17鄰藍昌路72號
193,高雄市,鳥松區,,,18鄰大仁北路10號
194,高雄市,鹽埕區,,,1鄰大仁路179號5樓、6樓
195,高雄市,鹽埕區,,,1鄰大仁路179號5樓、6樓
196,高雄市,左營區,,,2鄰啟文路12號
197,高雄市,左營區,,,2鄰啟文路12號
198,高雄市,鹽埕區,,,019鄰中正四路272號
199,臺南市,東區,,,大學路1號
200,台南市,安南區,,,海中街300號
201,臺中市,北區,,,館前路1號
202,臺北市,中山南,,,路21-1號
203,臺中市,霧峰區,,,中正路738之2號
204,臺中市,霧峰區,,,中正路738之2號
205,臺中市,霧峰區,,,中正路738之2號
206,臺中市,西區,,,公益路68號
207,臺北市,松山區,,,復興北路231巷19號4樓
208,臺北市,大同區,,,萬全街103巷19號
209,臺北市,中山區,,,南京東路二段76號5樓
140,臺北市,松山區,,,八德路三段25號(臺北市藝文推廣處)
141,臺北市,松山區,,,八德路三段25號(臺北市藝文推廣處)
142,臺北市,松山區,,,八德路三段25號(臺北市藝文推廣處)
143,臺北市,松山區,,,八德路三段25號(臺北市藝文推廣處)
144,臺北市,松山區,,,八德路三段25號(臺北市藝文推廣處)
145,臺北市,松山區,,,八德路三段25號(臺北市藝文推廣處)
146,臺北市,松山區,,,八德路三段25號(臺北市藝文推廣處)
147,臺北市,松山區,,,八德路三段25號(臺北市藝文推廣處)
148,臺北市,松山區,,,八德路三段25號(臺北市藝文推廣處)
149,臺北市,松山區,,,八德路三段25號(臺北市藝文推廣處)
150,臺北市,松山區,,,八德路三段25號(臺北市藝文推廣處)
151,臺北市,松山區,,,八德路三段25號(臺北市藝文推廣處)
152,臺北市,松山區,,,八德路三段25號(臺北市藝文推廣處)
153,臺北市,松山區,,,八德路三段25號(臺北市藝文推廣處)
154,臺北市,松山區,,,八德路三段25號(臺北市藝文推廣處)
155,臺北市,松山區,,,八德路三段25號(臺北市藝文推廣處)
156,臺北市,松山區,,,八德路三段25號(臺北市藝文推廣處)
157,臺北市,松山區,,,八德路三段25號(臺北市藝文推廣處)
158,臺北市,松山區,,,八德路三段25號(臺北市藝文推廣處)
159,高雄市,鹽埕區,,,1鄰大仁路179號5樓、6樓
160,高雄市,鹽埕區,,,1鄰大仁路179號5樓、6樓
161,高雄市,鹽埕區,,,1鄰大仁路179號5樓、6樓
162,臺南市,玉井區,,,樹糖街22號
216,高雄市,鹽埕區,,,019鄰中正四路272號
217,高雄市,鹽埕區,,,019鄰中正四路272號
218,高雄市,鹽埕區,,,019鄰中正四路272號
219,高雄市,左營區,,,龜山巷157-2號
220,新北市,鶯歌區,,,二甲路36-2號
221,花蓮市,文復路,,,6號
232,臺北市,松山區,,,八德路三段25號(臺北市藝文推廣處)
233,宜蘭縣,蘇澳鎮,,,23鄰中山路一段366號
234,,,,,
235,民雄鄉,建國路,,,2段265號
236,竹北市,縣政九,,,路146號.
237,宜蘭縣,五結鄉,,,24鄰五濱路二段201號
238,苗栗縣,銅鑼鄉,,,銅科南路6號
239,苗栗縣,銅鑼鄉,,,銅科南路6號
240,南投縣,竹山鎮,,,集山路二段345號
241,南投縣,竹山鎮,,,集山路二段345號
242,南投縣,竹山鎮,,,集山路二段345號
243,南投縣,竹山鎮,,,集山路二段345號
244,臺北市,南京東,,,路二段一號三樓
245,高雄市,鹽埕區,,,河西路99號
246,高雄市,鳳山區,,,017鄰光遠路161號
247,高雄市,鳳山區,,,017鄰光遠路161號
248,高雄市,三民區,,,陽明路300號3樓
249,南投縣,魚池鄉,,,中山路
250,南投縣,信義鄉,,,
251,彰化縣,鹿港鎮,,,復興路485號
222,臺北市,中正區,,,濟南路二段27號
223,宜蘭縣,礁溪鄉,,,
224,宜蘭縣,宜蘭市,,,1鄰光復路13號
225,高雄市,鼓山區,,,鼓山一路32號
226,高雄市,左營區,,,蓮潭路400號
227,高雄市,左營區,,,
228,高雄市,旗津區,,,旗津二路701號
229,高雄市,岡山區,,,009鄰岡山南路42號
230,高雄市,湖內區,,,3鄰保生路101號
231,宜蘭縣,宜蘭市,,,中山路二段426號
210,臺北市,大同區,,,萬全街103巷19號
211,臺北市,大同區,,,萬全街103巷19號(蝶會會館)
212,臺北市,中山區,,,劍南蝴蝶步道（9：00捷運劍南路站1號出口集合）
213,臺北市,松山區,,,八德路三段25號(臺北市藝文推廣處)
214,臺北市,松山區,,,八德路三段25號(臺北市藝文推廣處)
215,高雄市,鹽埕區,,,019鄰中正四路272號
272,彰化縣,員林市,,,
273,彰化縣,溪湖鎮,,,
274,彰化縣,彰化市,,,民族一街31號
275,彰化縣,彰化市,,,南校街135號
276,彰化縣,彰化市,,,南校街135號
277,彰化縣,福興鄉,,,復興路28號
278,彰化縣,溪湖鎮,,,彰水路二段762號
279,彰化縣,溪湖鎮,,,彰水路二段762號
280,臺中市,西屯區,,,福星路666號
281,臺中市,西屯區,,,福星路666號
282,臺中市,西屯區,,,福星路666號
283,臺中市,西屯區,,,臺中市西屯區福玄路1號
284,臺中市,西屯區,,,臺中市西屯區福玄路1號
285,臺中市,西屯區,,,臺中市西屯區福玄路1號
286,新北市,新店區,,,北新路一段92號
287,澎湖縣,馬公市,,,介壽路13號
288,澎湖縣,馬公市,,,29號
289,澎湖縣,馬公市,,,中華路230號
290,澎湖縣,馬公市,,,新生路327號
291,高雄市,大樹區,,,17鄰中興西路50號
292,南投縣,名間鄉,,,彰南路42-2號三樓
293,南投縣,南投市,,,中正路2號
294,苗栗縣,三義鄉,,,廣聲新城88號
295,苗栗縣,三義鄉,,,廣聲新城88號
296,宜蘭縣,五結鄉,,,24鄰五濱路二段201號
297,宜蘭縣,五結鄉,,,24鄰五濱路二段201號
298,新北市,新莊區,,,中平路133號
299,臺中市,南區,,,興路三段362號
300,台北市,中山北,,,路4段16號
301,基隆市,中山區,,,西定路230號3樓
302,基隆市,中正區,,,
303,基隆市,中正區,,,信一路181號
304,澎湖縣,馬公市,,,中華路230號
305,澎湖縣,馬公市,,,中華路230號
306,臺北市,中正區,,,貴陽街1段243號
307,臺北市,中正區,,,貴陽街1段243號
308,臺北市,中正區,,,貴陽街1段243號
309,臺北市,中正區,,,貴陽街1段243號
310,臺北市,中正區,,,重慶南路一段122號
311,新北市,新店區,,,
252,彰化縣,花壇鄉,,,
253,彰化縣,芳苑鄉,,,漁港路1號
254,彰化縣,鹿港鎮,,,鹿工南四路30號
255,彰化縣,鹿港鎮,,,鹿工路15號
256,彰化縣,鹿港鎮,,,民權路160巷2號
257,彰化縣,鹿港鎮,,,鹿工路六號  (彰濱工業區鹿港區)
258,彰化縣,彰化市,,,卦山路4號
259,彰化縣,彰化市,,,中山路2段500號
260,彰化縣,彰化市,,,中山路2段500號
261,彰化縣,彰化市,,,中山路2段500號
262,彰化縣,彰化市,,,中山路2段500號
263,彰化縣,彰化市,,,平和七街66號
264,彰化縣,彰化市,,,中山路三段266-1號
265,彰化縣,鹿港鎮,,,館前街88號
266,彰化縣,彰化市,,,陳稜路126號
267,高雄市,岡山區,,,公園路2-1號
268,彰化縣,彰化市,,,中正路1段242號4樓
269,彰化縣,彰化市,,,中華路57號
270,彰化縣,田中鎮,,,
271,彰化縣,埤頭鄉,,,彰水路二段526號
324,嘉義縣,太保市,,,故宮大道888號
325,嘉義縣,太保市,,,故宮大道888號
326,臺北市,中正區,,,長沙街一段二號
327,高雄市,岡山區,,,009鄰岡山南路42號
328,新竹市,東區,,,中正路65號
329,臺中市,南區,,,五權南路100號
330,嘉義縣,新港鄉,,,新中路305號
331,嘉義縣,新港鄉,,,新中路305號
332,嘉義縣,新港鄉,,,新中路305號
333,嘉義縣,新港鄉,,,新中路305號
334,嘉義縣,新港鄉,,,新中路305號
335,嘉義縣,新港鄉,,,新中路305號
350,基隆市,中正區,,,信一路181號
351,基隆市,仁愛區,,,
352,桃園市,大溪區,,,中正路68號
353,桃園市,大溪區,,,普濟路17、19、21、23號
354,桃園市,大溪區,,,普濟路52號
355,桃園市,大溪區,,,9鄰月眉34號
356,臺南市,山上區,,,山上16號
357,澎湖縣,七美鄉,,,55號
358,澎湖縣,馬公市,,,中山路75號
359,澎湖縣,馬公市,,,臨海路40號
360,澎湖縣,馬公市,,,中華路230號
361,新北市,淡水區,,,中正路259 號
362,新北市,淡水區,,,中正路316、316-1號
363,新北市,淡水區,,,中正路28巷1號
364,新北市,淡水區,,,中正路28巷1號
365,澎湖縣,馬公市,,,41-2號
366,基隆市,中正區,,,
367,南投縣,竹山鎮,,,大勇路 26 號
368,南投縣,竹山鎮,,,大勇路 26 號
369,南投縣,竹山鎮,,,大勇路 26 號
370,南投縣,竹山鎮,,,大勇路 26 號
371,南投縣,竹山鎮,,,大勇路 26 號
372,高雄市,林園區,,,林園北路236號
373,臺南市,白河區,,,
374,南投縣,南投市,,,彰南路二段65號
375,臺南市,中西區,,,開山路152號
376,高雄市,鳳山區,,,017鄰光遠路161號
377,臺北市,信義區,,,仁愛路4段505號
336,臺北市,中山區,,,長安東路一段8-1號
337,屏東市,民生路,,,4-17號
338,高雄市,河西路,,,99號
339,高雄市,岡山區,,,公園路2-1號
340,高雄市,林園區,,,002鄰福興街97號
341,高雄市,旗山區,,,007鄰中山路1號
342,高雄市,鼓山區,,,蓮海路20號
343,高雄市,鳳山區,,,7鄰勝利路2號
344,高雄市,鳳山區,,,013鄰鳳明街62號
345,高雄市,大樹區,,,
346,高雄市,林園區,,,林園北路236號
347,高雄市,林園區,,,林園北路236號
348,民雄鄉,建國路,,,2段265號
349,高雄市,前鎮區,,,21鄰新光路61號
312,新北市,中和區,,,
313,新北市,淡水區,,,
314,新北市,林口區,,,
315,新北市,三重區,,,
316,新北市,汐止區,,,
317,新北市,三峽區,,,
318,新北市,新莊區,,,
319,新北市,瑞芳區,,,
320,新北市,板橋區,,,中山路一段143號
321,新北市,板橋區,,,中山路一段143號
322,臺中市,北區,,,天祥街19號
323,臺中市,北區,,,天祥街19號
396,高雄市,三民區,,,2鄰十全一路220號
397,臺中市,南區,,,興路三段362號
398,臺中市,南區,,,興路三段362號
399,臺中市,南區,,,興路三段362號
400,臺中市,南區,,,興路三段362號
401,臺中市,南區,,,興路三段362號
402,臺中市,南區,,,興路三段362號
403,臺中市,南區,,,興路三段362號
404,臺中市,南區,,,興路三段362號
405,臺中市,南區,,,興路三段362號
406,臺中市,南區,,,興路三段362號
407,臺中市,南區,,,興路三段362號
408,臺中市,南區,,,興路三段362號
409,臺中市,南區,,,興路三段362號
410,臺中市,南區,,,興路三段362號
411,臺中市,南區,,,興路三段362號
412,臺中市,南區,,,興路三段362號
413,臺中市,南區,,,興路三段362號
414,臺中市,南區,,,興路三段362號
415,臺中市,南區,,,興路三段362號
416,高雄市,鹽埕區,,,8鄰大勇路1號
417,高雄市,鹽埕區,,,8鄰大勇路1號
418,高雄市,鹽埕區,,,8鄰大勇路1號
419,高雄市,鹽埕區,,,8鄰大勇路1號
420,臺北市,文山區,,,景文街32號
421,臺北市,文山區,,,景文街32號
422,臺北市,大同區,,,迪化街1段21號
423,臺北市,士林區,,,外雙溪至善路2段221號
424,臺北市,士林區,,,外雙溪至善路2段221號
425,臺北市,士林區,,,外雙溪至善路2段221號
426,臺北市,士林區,,,外雙溪至善路2段221號
378,臺北市,中正區,,,襄陽路2號 ( 二二八和平公園內) )
379,高雄市,美濃區,,,6鄰中正路一段59號
380,臺北市,中正區,,,南昌路一段1號
381,臺北市,仁愛路,,,4段505號
382,臺北市,南港區,,,研究院路二段130號
383,臺南市,南區,,,興中街7巷18弄5號
384,臺南市,南區,,,興中街7巷18弄5號
385,臺南市,南區,,,興中街7巷18弄5號
386,臺南市,南區,,,興中街7巷18弄5號
387,臺南市,南區,,,興中街7巷18弄5號
388,臺南市,南區,,,興中街7巷18弄5號
389,臺中市,西區,,,
390,高雄市,鼓山區,,,延平街87-13號
391,臺中市,南區,,,興路三段362號
392,臺中市,南區,,,興路三段362號
393,臺中市,南區,,,興路三段362號
394,臺中市,南區,,,興路三段362號
395,臺中市,南區,,,興路三段362號
432,臺北市,信義區,,,松仁路3號
433,臺北市,信義區,,,松仁路3號
434,臺北市,文山區,,,景文街32號
435,臺北市,文山區,,,景文街32號
436,臺北市,中正區,,,長沙街一段2號
442,臺北市,中正區,,,襄陽路25號
443,臺北市,中正區,,,襄陽路25號
444,臺北市,中正區,,,襄陽路25號
445,臺北市,中正區,,,南昌路一段1號
446,臺北市,中正區,,,南昌路一段1號
447,臺中市,霧峰區,,,大同路8號
448,臺中市,霧峰區,,,大同路8號
449,臺中市,霧峰區,,,大同路8號
450,高雄市,鹽埕區,,,8鄰大勇路1號
451,高雄市,鹽埕區,,,8鄰大勇路1號
452,屏東市,民生路,,,4-17號
453,桃園市,桃園區,,,縣府路21號
454,高雄市,三民區,,,2鄰十全一路220號
455,高雄市,左營區,,,2鄰啟文路12號
456,高雄市,鹽埕區,,,8鄰大勇路1號
457,臺中市,大里區,,,勝利二路1號
458,高雄市,鹽埕區,,,8鄰大勇路1號
459,苗栗縣,銅鑼鄉,,,銅科南路6號
460,苗栗縣,銅鑼鄉,,,銅科南路6號
437,臺北市,中正區,,,長沙街一段2號
438,臺北市,中正區,,,長沙街一段2號
439,臺北市,中正區,,,長沙街一段2號
440,臺北市,中正區,,,襄陽路二號
441,臺北市,中正區,,,襄陽路25號
427,臺北市,士林區,,,外雙溪至善路2段221號
428,臺北市,士林區,,,外雙溪至善路2段221號
429,臺北市,士林區,,,外雙溪至善路2段221號
430,臺北市,士林區,,,外雙溪至善路2段221號
431,臺北市,士林區,,,外雙溪至善路2段221號
482,高雄市,鹽埕區,,,8鄰大勇路1號
483,宜蘭縣,五結鄉,,,24鄰五濱路二段201號
484,宜蘭縣,五結鄉,,,24鄰五濱路二段201號
485,高雄市,大樹區,,,25鄰久堂路97-1號
486,宜蘭縣,蘇澳鎮,,,
487,高雄市,大樹區,,,25鄰久堂路97-1號
488,臺中市,西屯區,,,惠來路二段101號
489,臺北市,延平南,,,路98號2樓
490,臺中市,西屯區,,,惠來路二段101號
491,桃園市,平鎮區,,,環南路三段88號
492,高雄市,鼓山區,,,6鄰美術館路80號
493,桃園市,大溪區,,,普濟路33-3號
494,臺南市,官田區,,,中山路1段129號
495,桃園市,大溪區,,,員林路一段29巷101號
496,臺中市,大肚區,,,
497,彰化縣,彰化市,,,中華路57號
498,臺東縣,成功鎮,,,
499,臺中市,豐原區,,,圓環東路782號
500,南投縣,南投市,,,建國路135號
501,南投縣,南投市,,,光明一路252號
502,臺中市,學士路,,,98號
503,高雄市,鳳山區,,,017鄰光遠路161號
504,高雄市,鼓山區,,,6鄰美術館路80號
505,新北市,鶯歌區,,,文化路200號
506,高雄市,苓雅區,,,001鄰五福一路67號
507,高雄市,苓雅區,,,001鄰五福一路67號
508,高雄市,苓雅區,,,001鄰五福一路67號
509,高雄市,鹽埕區,,,8鄰大勇路1號
510,高雄市,鹽埕區,,,8鄰大勇路1號
511,高雄市,鳳山區,,,三多一路1號
512,宜蘭縣,宜蘭市,,,縣政北路3號
513,臺南市,中西區,,,中華西路二段34號
514,高雄市,苓雅區,,,五福一路67號
515,臺中市,南區,,,五權南路100號
516,高雄市,鳳山區,,,三多一路1號
517,臺南市,仁德區,,,文華路二段66號
518,臺南市,仁德區,,,文華路二段66號
519,,,,,
520,高雄市,六龜區,,,2鄰光復路70號
521,新北市,鶯歌區,,,文化路200號
522,新北市,鶯歌區,,,文化路200號
523,屏東縣,車城鄉,,,後灣村後灣路2號
524,屏東縣,車城鄉,,,後灣村後灣路2號
525,屏東縣,車城鄉,,,後灣村後灣路2號
526,新北市,板橋區,,,中山路一段143號
527,新北市,泰山區,,,全興路212號5樓
461,宜蘭縣,五結鄉,,,五濱路二段201號
462,臺中市,大里區,,,科技路1號
463,臺中市,大里區,,,科技路1號
464,臺北市,中正區,,,台北市中正區中山南路21號
465,新北市,永和區,,,文化路192巷4弄2-1號
466,新北市,淡水區,,,中正路28巷1號
467,新北市,淡水區,,,中正路28巷1號
468,新北市,淡水區,,,馬偕街19 號
469,新北市,淡水區,,,中正路28巷1號
470,新北市,淡水區,,,中正路259 號
471,高雄市,鼓山區,,,4鄰鼓山三路19-3號
472,澎湖縣,馬公市,,,中華路230號
473,宜蘭縣,員山鄉,,,8鄰員山路二段326號
474,臺北市,迪化街,,,一段21號9樓
475,新北市,全區域,,,
476,南投縣,草屯鎮,,,中正路573號
477,臺北市,中正區,,,濟南路二段27號
478,高雄市,鳳山區,,,高雄市鳳山區三多一路 1 號
479,新北市,淡水區,,,新民街1段138巷7號
480,新北市,淡水區,,,觀海路91號3樓、4樓
481,澎湖縣,馬公市,,,中華路230號
539,臺南市,新市區,,,南科三路10號
540,臺南市,新市區,,,南科三路10號
541,臺南市,玉井區,,,樹糖街22號
542,臺北市,中正區,,,台北市中山南路21號
543,新北市,泰山區,,,全興路212號5樓
544,臺南市,全區域,,,
545,南投縣,鹿谷鄉,,,仁義路1-9號
546,新北市,鶯歌區,,,文化路200號
547,苗栗縣,銅鑼鄉,,,銅科南路6號
554,高雄市,大寮區,,,捷西路298號
555,臺北市,中山區,,,中山區中山北路二段39巷3號(晶華酒店1F)
556,臺北市,中正區,,,重慶南路二段六巷10號
557,臺北市,信義區,,,基隆路二段79巷1弄1號
558,臺北市,萬華區,,,康定路173巷31號
559,臺北市,士林區,,,臨溪路72號
560,臺北市,中正區,,,八德路1段1號中六館
561,臺南市,佳里區,,,六安130號
562,臺南市,佳里區,,,六安130號
563,臺北市,中山南,,,路21-1號
564,,,,,
565,臺南市,佳里區,,,六安130號
566,臺南市,佳里區,,,六安130號
567,臺南市,佳里區,,,六安130號
568,臺南市,佳里區,,,六安130號
569,臺南市,佳里區,,,六安130號
548,臺北市,新生南,,,路三段56巷7號2樓
549,臺北市,信義區,,,基隆路一段396號10樓
550,臺北市,信義區,,,基隆路一段396號10樓
551,臺北市,大安區,,,和平東路三段123號3樓
552,臺北市,士林區,,,至善路2段34號
553,臺北市,中正區,,,重慶南路二段六巷10號
528,新北市,泰山區,,,全興路212號5樓
529,新北市,鶯歌區,,,文化路200號
530,南投縣,草屯鎮,,,中正路573號
531,金門縣,金寧鄉,,,
532,臺南市,大內區,,,34-2號
533,臺北市,信義區,,,仁愛路4段505號
534,新竹縣,竹北市,,,縣政九路146號
535,台北市,中正區,,,中華路一段69號
536,高雄市,苓雅區,,,001鄰五福一路67號
537,臺南市,安南區,,,長和路一段250號
538,臺南市,新市區,,,南科三路10號
592,桃園市,中壢區,,,強國路60號
593,桃園市,中壢區,,,台貿一街100號
594,臺中市,豐原區,,,圓環東路782號
595,桃園市,中壢區,,,中美路16號
596,南投縣,草屯鎮,,,中正路573號
597,臺中市,清水區,,,忠貞路21號
598,臺中市,大里區,,,勝利二路1號
599,臺中市,清水區,,,忠貞路21號
600,臺中市,清水區,,,忠貞路21號
601,臺中市,清水區,,,忠貞路21號
602,臺中市,清水區,,,忠貞路21號
603,臺中市,清水區,,,忠貞路21號
604,苗栗縣,銅鑼鄉,,,銅科南路6號
605,臺北市,大同區,,,民生西路309號
606,苗栗縣,造橋鄉,,,
607,臺北市,中正區,,,中山南路21號
608,臺中市,西區,,,五權西路一段2號
609,高雄市,鳳山區,,,高雄市鳳山區三多一路 1 號
610,高雄市,鳳山區,,,高雄市鳳山區三多一路 1 號
611,高雄市,鳳山區,,,高雄市鳳山區三多一路 1 號
612,高雄市,鹽埕區,,,8鄰大勇路1號
613,宜蘭縣,宜蘭市,,,9鄰復興路二段101號
614,宜蘭縣,宜蘭市,,,9鄰復興路二段101號
615,宜蘭縣,宜蘭市,,,9鄰復興路二段101號
616,臺中市,西屯區,,,惠來路二段101號
617,高雄市,新興區,,,1鄰中正三路34號3樓
618,臺中市,西區,,,五權西路一段2號
619,臺中市,西區,,,五權西路一段2號
620,臺中市,西區,,,五權西路一段2號
621,臺北市,大同區,,,寧夏路89號
622,臺北市,大同區,,,民生西路309號
623,桃園市,桃園區,,,同安街601號
624,桃園市,大溪區,,,康莊路641號 (大溪高中勤學樓1樓)
625,桃園市,桃園區,,,同安街601號
626,桃園市,平鎮區,,,環南路三段88號
627,新北市,中和區,,,
628,新北市,中和區,,,南山路236號6樓
629,臺中市,北屯區,,,旅順路2段73號
630,臺北市,信義區,,,光復南路133號
631,臺北市,信義區,,,光復南路133號
632,桃園市,中壢區,,,台貿一街100號
633,桃園市,中壢區,,,台貿一街100號
634,桃園市,中壢區,,,中美路76號
635,桃園市,中壢區,,,強國路60號
636,桃園市,中壢區,,,台貿一街100號
570,新北市,坪林區,,,國中路３號
571,新北市,坪林區,,,國中路３號
572,新北市,坪林區,,,國中路３號
573,新北市,坪林區,,,國中路３號
574,臺北市,中山區,,,中山北路2段48巷10號
575,臺北市,中山區,,,中山北路2段48巷10號
576,臺北市,士林區,,,文林路751號
577,新北市,鶯歌區,,,文化路200號
578,新北市,鶯歌區,,,文化路200號
579,宜蘭縣,頭城鎮,,,1鄰青雲路三段750號
580,宜蘭縣,頭城鎮,,,港口路15之7號
581,宜蘭縣,五結鄉,,,24鄰五濱路二段201號
582,宜蘭縣,宜蘭市,,,縣政北路3號
583,宜蘭縣,宜蘭市,,,1鄰舊城南路力行3巷3號
584,宜蘭縣,蘇澳鎮,,,
585,宜蘭縣,宜蘭市,,,9鄰復興路二段101號
586,宜蘭縣,宜蘭市,,,9鄰復興路二段101號
587,宜蘭縣,宜蘭市,,,9鄰復興路二段101號
588,宜蘭縣,五結鄉,,,中正路二段6-8號
589,臺北市,大同區,,,大龍街275號
590,桃園市,中壢區,,,台貿一街100號
591,桃園市,中壢區,,,中美路76號
648,臺中市,南屯區,,,
649,宜蘭縣,羅東鎮,,,14鄰純精路一段88號
650,宜蘭縣,羅東鎮,,,14鄰純精路一段88號
651,宜蘭縣,羅東鎮,,,14鄰純精路一段88號
652,臺北市,萬華區,,,康定路、昆明街之間的廣州街北側，老松國小的南側
653,彰化縣,福興鄉,,,復興路28號
654,彰化縣,彰化市,,,
655,宜蘭縣,宜蘭市,,,9鄰復興路二段101號
656,宜蘭縣,宜蘭市,,,9鄰復興路二段101號
657,宜蘭縣,宜蘭市,,,9鄰復興路二段101號
658,宜蘭縣,宜蘭市,,,9鄰復興路二段101號
676,臺北市,信義區,,,仁愛路四段505號地下一樓
677,臺北市,信義區,,,仁愛路四段505號地下一樓
678,臺北市,信義區,,,仁愛路四段505號地下一樓
679,臺北市,信義區,,,仁愛路四段505號地下一樓
680,臺北市,信義區,,,仁愛路四段505號地下一樓
681,臺北市,信義區,,,仁愛路四段505號下一樓
682,臺北市,信義區,,,仁愛路四段505號地下一樓
683,臺北市,信義區,,,仁愛路四段505號地下一樓
684,臺北市,信義區,,,仁愛路四段505號地下一樓
685,臺北市,信義區,,,仁愛路四段505號地下一樓
686,臺北市,信義區,,,仁愛路四段505號地下一樓
687,臺北市,信義區,,,仁愛路四段505號地下一樓
688,臺北市,信義區,,,仁愛路四段505號地下一樓
689,臺北市,信義區,,,仁愛路四段505號地下一樓
690,臺北市,信義區,,,仁愛路四段505號地下一樓
691,臺北市,信義區,,,仁愛路四段505號地下一樓
692,臺北市,信義區,,,仁愛路四段505號地下一樓
693,臺北市,信義區,,,仁愛路四段505號地下一樓
694,臺中市,大里區,,,
695,臺中市,大里區,,,
696,臺中市,大里區,,,
697,台南市,東區,,,中華東路三段332號
698,高雄市,鳳山區,,,三多一路1號
699,臺北市,中正區,,,基隆路一段396號10樓
700,桃園市,中壢區,,,中美路16號
701,,,,,
702,新竹市,東區,,,中正路65號
703,桃園市,中壢區,,,元化路、中美路一段及延平路口
704,臺北市,中山區,,,中山北路3段181號
705,,,,,
706,臺北市,大安區,,,仁愛路三段五巷三弄11號
659,宜蘭縣,宜蘭市,,,9鄰復興路二段101號
660,宜蘭縣,宜蘭市,,,9鄰復興路二段101號
661,高雄市,新興區,,,1鄰中正三路34號3樓
662,新北市,淡水區,,,中正路28巷1號
663,,,,,
664,臺中市,南區,,,復興路三段362號
665,臺中市,西屯區,,,惠來路二段101號
666,屏東市,民生路,,,4-17號
667,桃園市,楊梅區,,,楊昇路256號
668,彰化縣,全區域,,,
669,桃園市,中壢區,,,復興路99號
670,桃園市,中壢區,,,復興路99號
671,臺北市,萬華區,,,廣州街173巷31號
672,臺南市,中西區,,,中華西路二段34號
673,臺南市,新化區,,,和平街53號
674,臺南市,新化區,,,和平街53號
675,臺南市,新化區,,,和平街53號
637,新北市,中和區,,,
638,新北市,中和區,,,
639,新北市,中和區,,,
640,新北市,中和區,,,南山路236號6樓
641,新北市,中和區,,,南山路236號6樓
642,新北市,中和區,,,南山路236號6樓
643,新北市,中和區,,,南山路236號6樓
644,新北市,中和區,,,南山路236號6樓
645,新北市,中和區,,,南山路236號6樓
646,新北市,中和區,,,南山路236號6樓
647,臺南市,西港區,,,
724,臺東縣,成功鎮,,,基翬路74號
725,臺北市,八德路,,,一段94號3F
726,桃園市,桃園區,,,中正五街、永康街及力行路
727,桃園市,桃園區,,,縣府路21號
728,花蓮縣,花蓮市,,,文復路六號
729,花蓮縣,花蓮市,,,松園街65號
730,臺中市,西區,,,五權西路一段2號
731,桃園市,新屋區,,,中正路110巷9號
732,桃園市,平鎮區,,,環南路三段88號
733,臺中市,霧峰區,,,柳豐路500號
734,臺南市,新市區,,,南科三路10號
735,臺南市,新市區,,,南科三路10號
736,臺南市,新市區,,,南科三路10號
737,,,,,
738,臺北市,大安區,,,
739,臺東縣,成功鎮,,,新村路25號
740,臺北市,大安區,,,
741,臺北市,中正區,,,中山南路21號（一展廳視聽室）
742,桃園市,平鎮區,,,
743,臺北市,中正區,,,中山南路21號
744,南投縣,草屯鎮,,,中正路573號
745,新北市,中和區,,,華新街
746,,,,,
747,,,,,
748,臺中市,西屯區,,,
749,臺中市,霧峰區,,,中正路738之2號
750,臺南市,柳營區,,,
751,臺南市,柳營區,,,
752,彰化縣,彰化市,,,卦山路18號
753,彰化縣,彰化市,,,卦山路18號
754,彰化縣,彰化市,,,卦山路18號
755,新北市,永和區,,,中山路一段236號7樓
756,臺東縣,關山鎮,,,
757,桃園市,中壢區,,,
758,桃園市,中壢區,,,
759,桃園市,中壢區,,,
760,桃園市,中壢區,,,
761,桃園市,中壢區,,,
762,臺南市,仁德區,,,文華路二段66號
763,臺南市,仁德區,,,文華路二段66號
764,臺南市,仁德區,,,文華路二段66號
765,臺南市,仁德區,,,文華路二段66號
766,臺南市,仁德區,,,文華路二段66號
707,臺北市,大安區,,,仁愛路三段五巷三弄11號
708,高雄市,鹽埕區,,,019鄰中正四路272號
709,南投縣,草屯鎮,,,中正路573號
710,臺南市,中西區,,,台南市中西區中正路1號
711,臺中市,南屯區,,,向心南路、文心南七路、永春東一路、文心南五路圍成矩形公園用地
712,臺中市,豐原區,,,圓環東路782號
713,屏東縣,車城鄉,,,後灣村後灣路2號
714,雲林縣,北港鎮,,,公園路66號
715,雲林縣,虎尾鎮,,,林森路一段498號
716,雲林縣,斗六市,,,大學路三段310號
717,臺中市,nul,,,l館前路1號
718,高雄市,苓雅區,,,001鄰五福一路67號
719,高雄市,鼓山區,,,6鄰美術館路80號
720,金門縣,烈嶼鄉,,,
721,臺中市,大甲區,,,
722,苗栗縣,竹南鎮,,,公園路206號
723,臺東縣,海端鄉,,,
773,宜蘭縣,五結鄉,,,五濱路二段201號
774,,,,,
775,臺中市,潭子區,,,
776,桃園市,中壢區,,,馬祖新村11~20號
777,桃園市,中壢區,,,馬祖新村11~20號
778,桃園市,中壢區,,,馬祖新村11~20號
779,新北市,鶯歌區,,,文化路200號
780,新北市,鶯歌區,,,文化路200號
781,南投縣,水里鄉,,,中山路一段300號
782,臺北市,大安區,,,辛亥路3段223號4、5樓
783,臺南市,南區,,,興中街7巷18弄5號
798,桃園市,桃園區,,,中正路1188號
799,臺中市,豐原區,,,圓環東路782號
800,臺中市,豐原區,,,圓環東路782號
801,臺北市,大同區,,,
802,桃園市,桃園區,,,三民路一段100號
803,桃園市,桃園區,,,三民路一段100號
804,桃園市,桃園區,,,三民路一段100號
805,桃園市,桃園區,,,三民路一段100號
806,桃園市,桃園區,,,三民路一段100號
807,,,,,
808,金門縣,金沙鎮,,,金寧鄉
809,臺中市,和平區,,,雪霸國家公園雪山山區
810,臺中市,西屯區,,,惠來路二段101號
811,基隆市,中正區,,,信一路181號
812,臺南市,中西區,,,府前路1段307號
813,,,,,
814,宜蘭市,中山路,,,二段482號
815,臺中市,南區,,,
816,,,,,
817,401,  臺,,,中市東區
818,,,,,
819,臺北市,大同區,,,延平北路一段2號
820,臺北市,萬華區,,,
784,臺南市,中西區,,,開山路152號
785,臺中市,西屯區,,,惠來路二段101號
786,桃園市,龍潭區,,,中正路210號
787,臺南市,龍崎區,,,新市子38號
788,新北市,蘆洲區,,,中山二路162號2樓
789,桃園市,大溪區,,,普濟路5號
790,臺南市,左鎮區,,,61-1號
791,臺南市,左鎮區,,,61-1號
792,高雄市,鳳山區,,,017鄰光遠路161號
793,臺中市,太平區,,,
794,新竹市,舊港地,,,區
795,108,  臺,,,北市萬華區
796,臺中市,豐原區,,,圓環東路782號
797,高雄市,新興區,,,1鄰中正三路34號3樓
767,臺南市,仁德區,,,文華路二段66號
768,南投縣,草屯鎮,,,中正路573號
769,臺南市,麻豆區,,,總爺104號
770,臺南市,佳里區,,,六安130號
771,臺南市,佳里區,,,六安130號
772,臺南市,佳里區,,,六安130號
829,臺中市,北區,,,館前路1號
830,臺中市,北區,,,館前路1號
831,臺南市,中西區,,,中正路5巷1號
832,臺南市,中西區,,,民權路二段30號
833,臺南市,中西區,,,民權路二段30號
834,苗栗縣,公館鄉,,,14鄰館南352號
835,苗栗縣,通霄鎮,,,
836,臺北市,台北市,,,金華街199巷5號
837,,,,,
838,,,,,
839,桃園市,中壢區,,,
840,彰化縣,彰化市,,,卦山路18號
841,臺南市,中西區,,,忠義路二段4號(啟智永慶社區活動中心)
842,臺南市,佳里區,,,六安130號
843,333,  桃,,,園市龜山區
844,臺南市,新市區,,,南科三路10號
845,265,  宜,,,蘭縣羅東鎮
846,新北市,泰山區,,,
847,新北市,泰山區,,,
848,新北市,泰山區,,,
849,新北市,泰山區,,,
850,新北市,深坑區,,,深坑街10號1樓
851,高雄市,鳳山區,,,高雄市鳳山區三多一路 1 號
852,高雄市,鳳山區,,,高雄市鳳山區三多一路 1 號
853,台北市,士林區,,,士商路189號
854,桃園市,桃園區,,,中正路1188號
855,臺北市,中正區,,,長沙街一段2號
856,高雄市,鹽埕區,,,1鄰大仁路179號5樓、6樓
857,屏東縣,內埔鄉,,,文化路183號
858,屏東縣,內埔鄉,,,文化路183號
859,屏東縣,內埔鄉,,,文化路183號
860,,,,,
861,桃園市,觀音區,,,觀新路56號
862,苗栗縣,竹南鎮,,,公園路206號
863,苗栗縣,竹南鎮,,,公園路206號
864,苗栗縣,竹南鎮,,,公園路206號
865,臺北市,誠品信,,,義店3F音樂館
866,100,  臺,,,北市中正區
867,,,,,
868,,,,,
821,南投縣,竹山鎮,,,集山路二段345號
822,臺北市,大同區,,,延平北路一段2號
823,,,,,
824,929,  屏,,,東縣琉球鄉
825,臺北市,大同區,,,民生西路309號
826,苗栗縣,後龍鎮,,,中山路142-1號
827,臺南市,中西區,,,友愛街8-3號
828,臺中市,北區,,,館前路1號
1540,臺北市,松山區,,,南京東路四段2號
1541,臺中市,西屯區,,,惠來路二段101號
1542,臺北市,仁愛路,,,4段505號
1543,台北市,士林區,,,臨溪路70號 (第二教研大樓)
1544,嘉義市,忠孝路,,,275號
1545,新北市,鶯歌區,,,文化路200號
1546,高雄市,鼓山區,,,4鄰鼓山三路19-3號
1547,澎湖縣,馬公市,,,新店路420號
1548,澎湖縣,馬公市,,,治平路30號
1951,高雄市,三民區,,,
1952,臺中市,潭子區,,,
1953,臺中市,潭子區,,,
1954,花蓮縣,花蓮市,,,
1955,高雄市,彌陀區,,,2鄰中正路281巷50號
1956,新北市,淡水區,,,文化路65號
1957,新北市,淡水區,,,文化路65號
1958,新北市,淡水區,,,文化路65號
1959,宜蘭縣,員山鄉,,,8鄰員山路二段326號
1671,臺中市,西區,,,英才路600號
1672,臺中市,西區,,,英才路600號
1673,苗栗縣,苗栗市,,,自治路50號
1674,苗栗縣,苗栗市,,,自治路50號
1675,臺北市,中山南,,,路21-1號，信義路側
1676,桃園市,中壢區,,,中美路16號
1677,臺北市,景文街,,,32號，捷運景美站1號出口
1678,臺北市,景文街,,,32號，捷運景美站1號出口
1679,員林市,大饒里,,,員林大道二段99號
1680,桃園市,桃園區,,,復興路135號
1681,臺南市,中西區,,,中華西路二段34號
1682,新北市,泰山區,,,楓江路26巷26號3樓
1787,高雄市,鳳山區,,,光遠路161號
1788,臺中市,西屯區,,,惠來路二段101號
1789,新北市,蘆洲區,,,中山二路162號2樓
1790,台北市,中山區,,,南京東路2段124號9樓
1791,高雄市,鹽埕區,,,河西路99號
1792,屏東市,民生路,,,4-17號
1793,高雄市,鹽埕區,,,河西路10號
1794,臺北市,松山區,,,八德路3段25號
1795,臺中市,豐原區,,,市政路2號
1796,臺中市,神岡區,,,神圳路1號
1797,臺中市,北屯區,,,
1798,臺中市,北屯區,,,
1799,臺中市,新社區,,,興社街二段28之1號
1800,臺中市,石岡區,,,
1801,臺中市,潭子區,,,
1802,臺中市,大里區,,,勝利二路1號
1803,臺中市,清水區,,,
1804,臺中市,大里區,,,
1805,臺中市,北屯區,,,
1806,臺中市,豐原區,,,
1807,臺中市,東區,,,
1808,臺中市,石岡區,,,石岡街123號
1809,臺中市,潭子區,,,
1810,臺中市,全區域,,,
1811,臺中市,南屯區,,,
1812,臺中市,北屯區,,,旅順路2段73號
1813,新北市,雙溪區,,,太平路50號3樓
1814,新北市,雙溪區,,,太平路50號3樓
1960,宜蘭縣,員山鄉,,,8鄰員山路二段326號
1961,宜蘭縣,員山鄉,,,8鄰員山路二段326號
1962,新北市,淡水區,,,文化路65號
1963,新北市,三重區,,,忠孝路三段40巷51號三民公園內
1964,新北市,三重區,,,忠孝路三段40巷51號三民公園內
1965,新北市,三重區,,,忠孝路2段35號(靠近三重228公園)
1966,新北市,三重區,,,自強路一段158號
1967,新北市,三重區,,,自強路一段158號
1968,新北市,三重區,,,重安街709號3樓
1683,新北市,泰山區,,,楓江路26巷26號3樓
1684,新北市,泰山區,,,楓江路26巷26號3樓
1685,新北市,平溪區,,,公園街17號3樓
1686,新北市,萬里區,,,瑪鍊路２２１號４樓
1687,花蓮縣,秀林鄉,,,台八線路旁(188K處附近)
1688,新北市,中和區,,,南山路236號6樓
1689,臺中市,中區,,,臺灣大道一段1號
1421,臺中市,豐原區,,,圓環東路782號
1422,臺中市,豐原區,,,圓環東路782號
1423,臺中市,豐原區,,,圓環東路782號
1424,澎湖縣,馬公市,,,中華路230號
1425,金門縣,金城鎮,,,環島北路一段66號
1426,彰化縣,鹿港鎮,,,鹿工南四路30號
1815,新北市,蘆洲區,,,永平街1號3樓
1816,新北市,蘆洲區,,,永安南路2段134號2樓
1817,新北市,蘆洲區,,,長安街96號3樓
1818,新北市,蘆洲區,,,民權路143號
1819,新北市,蘆洲區,,,長安街96號3樓
1549,新北市,板橋區,,,貴興路139號
1550,新北市,板橋區,,,貴興路139號
1551,新北市,土城區,,,和平路24號
1552,彰化縣,彰化市,,,中山路三段266-1號
1553,臺北市,松山區,,,敦化北路207號11樓
1554,臺北市,大同區,,,103長安西路39號
1555,臺北市,103,,,長安西路39號
1556,臺北市,大同區,,,103長安西路39號
1690,臺中市,中區,,,
1691,臺中市,外埔區,,,
1692,苗栗縣,頭屋鄉,,,
1693,苗栗縣,公館鄉,,,
1427,臺中市,南區,,,五權南路100號
1428,,,,,
1429,基隆市,中山區,,,和平里中山三路103巷82-2號
1430,臺北市,延平南,,,路98號
1431,臺北市,延平南,,,路98號
1432,桃園市,桃園區,,,縣府路21號
1433,桃園市,龜山區,,,自強南路97號
1434,桃園市,大溪區,,,
1435,南投縣,水里鄉,,,
1436,南投縣,竹山鎮,,,建國路742號
1437,南投縣,竹山鎮,,,公所路120號
1820,新北市,板橋區,,,民生路一段30號
1821,臺北市,中正區,,,
1822,臺北市,中正區,,,中山南路21號
1823,新北市,蘆洲區,,,三民路178號
1557,臺中市,西區,,,公益路155巷9號B1
1558,tif,unc,,,tion Classroom (Peinan Site Park)
1559,,,,,
1560,,,,,
1561,,,,,
1562,臺北市,延平南,,,路98號
1563,臺北市,延平南,,,路98號
1564,臺北市,景文街,,,32號，捷運景美站1號出口
1565,高雄市,鳳山區,,,三多一路1號
1566,高雄市,岡山區,,,岡山南路42號
1567,臺中市,西屯區,,,臺灣大道三段99號
1568,臺中市,西屯區,,,臺灣大道三段99號
1694,臺中市,梧棲區,,,
1695,苗栗縣,頭份市,,,
1696,新北市,鶯歌區,,,文化路200號
1697,苗栗縣,苗栗市,,,自治路50號
1698,苗栗縣,苗栗市,,,自治路50號
1699,苗栗縣,三義鄉,,,新生路9-21號
1700,臺中市,西區,,,五權西路一段110號 B1豐藝館 (豐邑一即一切)
1438,南投縣,竹山鎮,,,
1439,高雄市,鹽埕區,,,大勇路1號
1440,高雄市,鹽埕區,,,大義街2號
1441,,,,,
1442,臺中市,西區,,,台中市西區自由路一段150號
1443,臺北市,延平南,,,路98號
1444,新北市,板橋區,,,莊敬路62號
1445,新北市,板橋區,,,莊敬路62號
1446,桃園市,中壢區,,,
1447,桃園市,龍潭區,,,中豐路上林段115巷
1824,高雄市,三民區,,,建工路415號
1825,臺北市,中正區,,,南海路41號6F
1826,臺北市,中正區,,,南海路41號
1827,台北市,信義區,,,菸廠路88號B1
1828,高雄市,鹽埕區,,,河西路10號
1829,臺南市,東區,,,林森路二段46號
1830,臺南市,新市區,,,民族路192號
1831,臺南市,新市區,,,民族路192號
1832,臺南市,新化區,,,中山路132號
1833,臺南市,楠西區,,,中正路309號
1569,臺中市,清水區,,,
1570,臺中市,中區,,,
1571,臺中市,全區域,,,
1572,臺中市,大里區,,,
1573,臺北市,中正區,,,重慶南路2段45號
1574,臺北市,大安區,,,
1575,南投縣,草屯鎮,,,中正路573號
1701,,,,,
1702,,,,,
1703,,,,,
1704,,,,,
1448,桃園市,龍潭區,,,金龍路120之1號
1449,桃園市,龍潭區,,,
1450,桃園市,龍潭區,,,中豐路上林段115巷
1451,桃園市,龍潭區,,,東龍路246號
1452,臺北市,信義區,,,光復南路133號
1453,桃園市,蘆竹區,,,吉林路34、36、38、40、42、44、46號，長春路3巷3號1.2樓、4號1.2樓、5號1.2樓，長春路5巷1號1樓
1454,彰化縣,員林市,,,員林大道2段99號
1455,彰化縣,員林市,,,員林大道2段99號
1456,彰化縣,員林市,,,員林大道2段99號
1457,彰化縣,彰化市,,,中山路2段500號
1834,臺南市,新營區,,,中正路23號
1835,臺南市,楠西區,,,中正路309號
1836,臺南市,下營區,,,文化街117號
1837,新北市,全區域,,,
1838,高雄市,新興區,,,6鄰中正二路214號
1839,臺北市,大安區,,,
1840,臺北市,全區域,,,
1841,臺北市,大安區,,,
1842,臺北市,萬華區,,,中華路一段174號
1843,臺北市,全區域,,,
1576,南投縣,草屯鎮,,,中正路573號
1577,臺中市,西區,,,公益路155巷9號B1
1578,,,,,
1579,台北市,信義區,,,菸廠路88號B1
1580,臺中市,太平區,,,大興路201號
1581,台北市,八德路,,,三段25號
1705,,,,,
1706,臺南市,中西區,,,台南市中西區中正路1號
1707,臺北市,中山南,,,路21-1號，信義路側
1708,臺北市,中山南,,,路21-1號，信義路側
1709,臺北市,中山南,,,路21-1號
1710,臺北市,景文街,,,32號，捷運景美站1號出口
1711,臺北市,迪化街,,,一段21號9樓
1712,臺北市,迪化街,,,一段21號8樓
1713,臺北市,迪化街,,,一段21號8樓
1714,臺北市,迪化街,,,一段21號8樓
1715,臺北市,迪化街,,,一段21號9樓
1716,桃園市,八德區,,,
1717,臺中市,霧峰區,,,
1458,彰化縣,彰化市,,,中山路2段500號
1459,彰化縣,彰化市,,,中山路2段500號
1460,彰化縣,彰化市,,,中山路2段500號
1461,彰化縣,田中鎮,,,中新路229號
1462,彰化縣,田中鎮,,,中新路229號
1463,彰化縣,田中鎮,,,中新路229號
1464,彰化縣,田中鎮,,,中新路229號
1465,彰化縣,田中鎮,,,中新路229號
1466,彰化縣,田中鎮,,,中新路229號
1467,彰化縣,田中鎮,,,中新路229號
1468,彰化縣,田中鎮,,,中新路229號
1469,彰化縣,田中鎮,,,中新路229號
1844,新北市,深坑區,,,深坑街10號1樓
1845,南投縣,信義鄉,,,
1846,臺北市,大安區,,,
1847,臺北市,萬華區,,,康定路、昆明街之間的廣州街北側，老松國小的南側
1848,臺北市,中正區,,,延平南路98號
1849,臺北市,大同區,,,寧夏路89號
1850,臺北市,大安區,,,
1851,臺北市,萬華區,,,康定路、昆明街之間的廣州街北側，老松國小的南側
1582,臺北市,中山區,,,中山北路3段181號
1583,臺北市,中山區,,,中山北路3段181號
1584,桃園市,中壢區,,,龍清街116巷31號
1585,臺北市,松山區,,,
1718,臺中市,北屯區,,,旅順路2段73號
1719,臺中市,西區,,,自由路一段150號
1720,臺中市,沙鹿區,,,臺灣大道7段200號
1721,花蓮縣,花蓮市,,,文復路六號
1722,苗栗縣,苗栗市,,,自治路50號
1470,臺中市,北區,,,精武路291之3號
1471,澎湖縣,馬公市,,,中華路236之1號
1472,澎湖縣,馬公市,,,中華路236之1號
1473,苗栗縣,造橋鄉,,,
1474,臺北市,士林區,,,文林路751號
1475,臺北市,延平南,,,路98號2樓
1476,新竹縣,新埔鎮,,,九芎湖32號
1477,台北市,中山南,,,路21號，藍白建築1樓
1478,台北市,光復南,,,路133號
1852,新北市,蘆洲區,,,三民路178號
1853,高雄市,鹽埕區,,,大勇路1號
1854,臺北市,中正區,,,中山南路21號
1855,臺北市,中正區,,,中山南路21號
1856,臺北市,中正區,,,中山南路21號
1857,臺北市,中正區,,,中山南路21號
1858,臺北市,中正區,,,中山南路21號
1859,臺北市,中正區,,,中山南路21號
1860,臺北市,中正區,,,中山南路21號
1586,臺北市,士林區,,,雨農路17-2號1樓
1587,彰化縣,彰化市,,,卦山路4號
1588,彰化縣,彰化市,,,卦山路4號
1589,彰化縣,彰化市,,,卦山路4號
1590,臺北市,全區域,,,
1591,澎湖縣,湖西鄉,,,43之11號
1723,苗栗縣,苗栗市,,,自治路50號
1724,苗栗縣,苗栗市,,,自治路50號
1725,苗栗縣,苗栗市,,,自治路50號
1726,苗栗縣,苗栗市,,,自治路50號
1727,苗栗縣,苗栗市,,,自治路50號
1728,苗栗縣,銅鑼鄉,,,
1729,苗栗縣,頭份市,,,
1730,苗栗縣,頭份市,,,
1479,新北市,永和區,,,新生路218號5、6樓
1480,新北市,中和區,,,圓通路121巷5號1樓
1481,新北市,中和區,,,南山路236號6樓
1482,新北市,永和區,,,新生路218號5、6樓
1483,新北市,中和區,,,南山路236號6樓
1484,新北市,中和區,,,南山路236號6樓
1485,新北市,中和區,,,南山路236號6樓
1486,新北市,中和區,,,南山路236號6樓
1861,臺北市,中正區,,,中山南路21號
1862,臺北市,中正區,,,中山南路21號
1863,臺北市,中正區,,,中山南路21號
1864,臺北市,中正區,,,中山南路21號
1865,臺北市,中正區,,,中山南路21號
1592,花蓮縣,中美路,,,81號
1593,臺北市,中正區,,,台北市中山南路21號中正記念堂管理處
1594,新竹市,中央路,,,109號旁
1595,臺北市,中山南,,,路21-1號
1596,臺北市,中山南,,,路21-1號
1597,臺北市,延平南,,,路98號
1598,新竹縣,關西鎮,,,中豐路一段336號
1599,臺北市,延平南,,,路98號
1600,雲林縣,北港鎮,,,公園路66號
1601,桃園市,龜山區,,,大同路23號
1731,臺北市,信義路,,,三段147巷36弄22號
1732,,,,,
1733,臺北市,信義區,,,仁愛路4段505號
1734,臺北市,信義區,,,仁愛路4段505號
1735,臺北市,信義區,,,仁愛路4段505號
1736,臺北市,信義區,,,仁愛路4段505號
1737,臺北市,信義區,,,仁愛路4段505號
1738,臺北市,信義區,,,仁愛路4段505號
1487,新北市,中和區,,,南山路236號6樓
1488,新北市,中和區,,,南山路236號6樓
1489,新北市,中和區,,,南山路236號6樓
1490,桃園市,八德區,,,
1491,桃園市,平鎮區,,,環南路三段88號
1492,桃園市,龍潭區,,,中興路680號
1493,桃園市,八德區,,,重慶街53巷2號
1866,臺北市,中正區,,,中山南路21號
1867,臺北市,中正區,,,中山南路21號
1868,臺北市,中正區,,,中山南路21號
1869,臺北市,中正區,,,中山南路21號
1870,臺北市,中正區,,,中山南路21號
1871,臺北市,中正區,,,中山南路21號
1872,臺北市,中正區,,,中山南路21號
1602,南投縣,南投市,,,建國路135號
1603,高雄市,鳳山區,,,三多一路1號
1604,高雄市,鳳山區,,,三多一路1號
1605,高雄市,苓雅區,,,五福一路67號
1606,台北市,文山區,,,木新路2段156-1號5樓
1607,南投縣,埔里鎮,,,中華路239號
1608,桃園市,桃園區,,,成功路三段200號
1609,臺中市,大肚區,,,榮華街154號
1610,臺中市,豐原區,,,中正路179號
1611,臺中市,梧棲區,,,梧棲路140號
1612,臺中市,中區,,,
1739,臺北市,信義區,,,仁愛路4段505號
1740,高雄市,河西路,,,99號
1741,臺北市,中山南,,,路21-1號
1742,嘉義市,忠孝路,,,275號
1743,高雄市,鹽埕區,,,河西路10號
1744,新北市,中和區,,,南山路236號6樓
1745,高雄市,楠梓區,,,楠梓路262號
1746,臺中市,豐原區,,,圓環東路782號
1747,臺中市,豐原區,,,圓環東路782號
1748,高雄市,苓雅區,,,001鄰五福一路67號
1749,新北市,新莊區,,,中正路61巷1號
1750,臺中市,中區,,,
1494,桃園市,新屋區,,,中興路91巷11號
1495,桃園市,蘆竹區,,,山外路117號2樓
1496,桃園市,桃園區,,,縣府路21號
1497,桃園市,桃園區,,,縣府路21號
1498,新北市,瑞芳區,,,金光路8號
1499,彰化縣,員林市,,,員林大道2段99號
1500,桃園市,大園區,,,
1501,南投縣,集集鎮,,,育才街166號
1873,臺北市,中正區,,,中山南路21號
1874,臺北市,中正區,,,中山南路21號
1875,臺北市,中正區,,,中山南路21號
1876,臺北市,中正區,,,中山南路21號
1877,臺北市,中正區,,,中山南路21號
1878,臺北市,中正區,,,中山南路21號
1879,臺北市,中正區,,,中山南路21號
1880,臺北市,中正區,,,中山南路21號
1881,臺北市,中正區,,,中山南路21號
1882,臺北市,中正區,,,中山南路21號
1883,臺北市,中正區,,,中山南路21號
1884,臺北市,中正區,,,中山南路21號
1885,臺北市,中正區,,,中山南路21號
1886,臺北市,中正區,,,中山南路21號
1887,臺北市,中正區,,,中山南路21號
1888,臺北市,中正區,,,中山南路21號
1889,臺北市,中正區,,,中山南路21號
1890,臺北市,中正區,,,中山南路21號
1891,臺北市,中正區,,,中山南路21號
1892,臺北市,中正區,,,中山南路21號
1893,臺北市,中正區,,,中山南路21號
1894,臺北市,中正區,,,中山南路21號
1895,臺北市,中正區,,,中山南路21號
1613,臺中市,西區,,,英才路600號
1614,臺中市,西區,,,英才路600號
1615,臺中市,大雅區,,,
1616,臺北市,忠孝西,,,路1段50號17樓之14
1617,彰化縣,彰化市,,,74卦山路18號
1618,彰化縣,彰化市,,,彰化市卦山路18號
1619,彰化縣,彰化市,,,74卦山路18號
1620,彰化縣,彰化市,,,74卦山路18號
1751,新北市,板橋區,,,莊敬路62號
1752,臺中市,全區域,,,
1753,臺中市,西屯區,,,
1754,臺中市,西區,,,樂群街38號
1755,臺中市,西區,,,樂群街38號
1756,臺中市,北區,,,精武路291之3號4樓
1757,臺中市,中區,,,
1502,桃園市,桃園區,,,
1503,金門縣,金沙鎮,,,碧山1號
1504,高雄市,三民區,,,2鄰十全一路220號
1505,苗栗縣,頭屋鄉,,,
1506,花蓮縣,花蓮市,,,建國路８號
1507,花蓮縣,花蓮市,,,建國路８號
1896,臺北市,中正區,,,中山南路21號
1897,臺北市,中正區,,,中山南路21號
1898,臺北市,中正區,,,中山南路21號
1899,臺北市,中正區,,,中山南路21號
1900,臺北市,中正區,,,中山南路21號
1901,臺北市,中正區,,,中山南路21號
1902,臺北市,中正區,,,中山南路21號
1621,彰化縣,彰化市,,,74卦山路18號
1622,彰化縣,彰化市,,,卦山路18號
1623,彰化縣,彰化市,,,74卦山路18號
1624,彰化縣,彰化市,,,74卦山路18號
1625,彰化縣,彰化市,,,74卦山路18號
1626,彰化縣,彰化市,,,卦山路18號
1627,彰化縣,彰化市,,,卦山路18號
1628,彰化縣,彰化市,,,卦山路18號
1629,彰化縣,彰化市,,,卦山路18號
1630,彰化縣,彰化市,,,卦山路18號
1631,彰化縣,彰化市,,,卦山路18號
1632,彰化縣,彰化市,,,彰化市卦山路18號
1633,彰化縣,彰化市,,,卦山路18號
1758,臺中市,西區,,,
1759,苗栗縣,銅鑼鄉,,,銅科南路6號
1760,苗栗縣,銅鑼鄉,,,銅科南路6號
1761,苗栗縣,銅鑼鄉,,,銅科南路6號
1762,苗栗縣,銅鑼鄉,,,銅科南路6號
1763,新北市,金山區,,,龜子山8號
1508,臺北市,大安區,,,新生南路三段56巷7號2樓
1509,臺北市,大安區,,,新生南路三段56巷7號2樓
1510,高雄市,新興區,,,中正二路214號
1903,臺北市,中正區,,,中山南路21號
1904,臺北市,中正區,,,中山南路21號
1905,臺北市,中正區,,,中山南路21號
1906,臺北市,中正區,,,中山南路21號
1907,臺北市,中正區,,,中山南路21號
1908,臺北市,中正區,,,中山南路21號
1909,臺北市,中正區,,,中山南路21號
1910,臺北市,中正區,,,中山南路21號
1911,臺北市,中正區,,,中山南路21號
1912,臺北市,中正區,,,中山南路21號
1913,臺北市,中正區,,,中山南路21號
1634,彰化縣,彰化市,,,彰化市卦山路18號
1635,彰化縣,彰化市,,,卦山路18號
1636,彰化縣,彰化市,,,彰化市卦山路18號
1637,彰化縣,彰化市,,,彰化市卦山路18號
1638,彰化縣,彰化市,,,彰化市卦山路18號
1639,彰化縣,彰化市,,,彰化市卦山路18號
1640,彰化縣,彰化市,,,彰化市卦山路18號
1641,彰化縣,彰化市,,,74卦山路18號
1642,彰化縣,彰化市,,,彰化市卦山路18號
1643,彰化縣,彰化市,,,彰化市卦山路18號
1644,彰化縣,彰化市,,,彰化市卦山路18號
1645,彰化縣,彰化市,,,74卦山路18號
1646,彰化縣,彰化市,,,彰化市卦山路18號
1764,新北市,石門區,,,中央路9之3號2樓
1765,新北市,三芝區,,,淡金路1段37號
1766,苗栗縣,苗栗市,,,水流娘巷11鄰8-2號
1767,苗栗縣,苗栗市,,,水流娘巷11鄰8-2號
1768,苗栗縣,後龍鎮,,,中山路142-1號
1511,高雄市,新興區,,,中正二路214號
1512,臺北市,大安區,,,新生南路三段56巷7號2樓
1513,苗栗縣,竹南鎮,,,公園路206號
1514,苗栗縣,竹南鎮,,,公園路206號
1515,臺中市,西屯區,,,惠來路二段101號
1516,臺中市,西屯區,,,惠來路二段101號
1517,高雄市,鳳山區,,,三多一路1號
1518,台北市,大同區,,,歸綏街97巷4號B1
1519,臺中市,西屯區,,,惠來路二段101號
1520,臺中市,西屯區,,,惠來路二段101號
1521,臺中市,西屯區,,,惠來路二段101號
1522,臺北市,中山南,,,路21-1號
1914,臺北市,中正區,,,台北市中正區中山南路21號
1915,臺北市,中正區,,,中山南路21號
1916,臺北市,中正區,,,中山南路21號
1917,臺北市,中正區,,,中山南路21號
1918,臺北市,中正區,,,中山南路21號
1919,臺北市,中正區,,,中山南路21號
1920,臺北市,中正區,,,中山南路21號
1921,臺北市,中正區,,,中山南路21號
1922,臺北市,中正區,,,中山南路21號
1923,臺北市,中正區,,,中山南路21號
1647,彰化縣,彰化市,,,彰化市卦山路18號
1648,彰化縣,彰化市,,,彰化市卦山路18號
1649,彰化縣,彰化市,,,彰化市卦山路18號
1650,彰化縣,彰化市,,,彰化市卦山路18號
1651,彰化縣,彰化市,,,彰化市卦山路18號
1652,彰化縣,彰化市,,,彰化市卦山路18號
1653,彰化縣,彰化市,,,彰化市卦山路18號
1654,彰化縣,彰化市,,,彰化市卦山路18號
1655,彰化縣,彰化市,,,彰化市卦山路18號
1656,彰化縣,彰化市,,,彰化市卦山路18號
1657,彰化縣,彰化市,,,彰化市卦山路18號
1769,南投縣,草屯鎮,,,中正路573號
1770,台北市,中山區,,,南京東路二段124號9樓
1771,南投縣,南投市,,,建國路135號
1772,南投縣,南投市,,,建國路135號
1773,南投縣,信義鄉,,,太平巷112號
1774,南投縣,草屯鎮,,,中正路573號
1523,臺北市,信義區,,,市府路1號2樓
1524,臺北市,大安區,,,延吉街246巷10號5樓
1525,臺北市,中正區,,,忠孝西路1段114號2樓
1526,宜蘭縣,宜蘭市,,,中山路二段482號
1527,新北市,鶯歌區,,,鳳鳴路160號
1924,臺北市,中正區,,,中山南路21號
1925,臺北市,中正區,,,中山南路21號
1926,臺北市,中正區,,,中山南路21號
1927,臺北市,中正區,,,中山南路21號
1928,臺北市,中正區,,,中山南路21號
1929,臺北市,中正區,,,中山南路21號
1930,臺北市,中正區,,,中山南路21號
1658,彰化縣,彰化市,,,彰化市卦山路18號
1659,彰化縣,彰化市,,,彰化市卦山路18號
1660,臺北市,仁愛路,,,4段505號
1661,高雄市,鳳山區,,,三多一路1號
1662,臺北市,延平南,,,路98號
1663,高雄市,鼓山區,,,馬卡道路330號
1664,高雄市,前鎮區,,,21鄰新光路61號
1775,臺北市,中山區,,,伊通街41號3樓
1776,臺南市,安平區,,,永華路二段6號
1777,臺南市,中西區,,,中華西路二段34號
1778,臺南市,中西區,,,南門路37號
1779,臺中市,西屯區,,,惠來路二段101號
1780,臺北市,中山南,,,路21-1號，信義路側
1781,臺北市,中山南,,,路21-1號
1782,臺北市,中山南,,,路21-1號
1783,臺中市,學士路,,,98號
1784,南投縣,埔里鎮,,,中華路239號
1785,臺北市,中正區,,,八德路一段1號
1786,高雄市,鳳山區,,,三多一路1號
1528,臺北市,信義區,,,仁愛路4段505號
1529,臺中市,學士路,,,98號
1530,新北市,淡水區,,,中正路1段6巷36號
1531,高雄市,苓雅區,,,五福一路67號
1532,嘉義市,忠孝路,,,275號
1533,桃園市,中壢區,,,正大街32號
1534,桃園市,中壢區,,,博愛路52號
1535,臺北市,延平南,,,路98號
1536,臺中市,西屯區,,,惠來路二段101號
1537,南投縣,南投市,,,建國路135號
1538,新北市,永和區,,,新生路218號5、6樓
1539,新北市,中和區,,,南山路236號6樓
1931,臺北市,信義區,,,仁愛路4段505號
1932,,,,,
1933,,,,,
1934,臺北市,中山南,,,路21-1號
1935,新北市,淡水區,,,中正東路二段29號15樓
1936,台中市,西屯區,,,西安街277巷2號
1937,臺北市,迪化街,,,一段21號9樓
1938,臺北市,士林區,,,文林路751號
1939,臺中市,西屯區,,,惠來路二段101號
1940,臺中市,西屯區,,,惠來路二段101號
1941,新竹市,東大路,,,二段17號
1942,臺北市,士林區,,,文林路751號.
1943,台北市,信義區,,,信義路五段一號
1944,臺南市,安南區,,,安吉路一段205、207號
1945,臺南市,佳里區,,,六安130號
1946,高雄市,三民區,,,陽明路300號3樓
1947,臺中市,豐原區,,,圓環東路782號
1948,臺中市,豐原區,,,圓環東路782號
1949,臺中市,豐原區,,,圓環東路782號
1950,臺中市,豐原區,,,圓環東路782號
1665,高雄市,前鎮區,,,21鄰新光路61號
1666,臺中市,西區,,,英才路600號
1667,臺中市,西區,,,英才路600號
1668,臺中市,西區,,,英才路600號
1669,臺中市,西區,,,英才路600號
1670,臺中市,西區,,,英才路600號
1264,桃園市,觀音區,,,
1265,桃園市,桃園區,,,縣府路21號
1266,桃園市,桃園區,,,縣府路21號
1267,臺中市,大里區,,,大新街36-1號
1268,臺中市,大里區,,,中興路一段163號
1269,臺中市,大里區,,,德芳路一段229號四、五樓
1270,臺中市,龍井區,,,
1271,苗栗縣,竹南鎮,,,公園路206號
1272,臺北市,中正區,,,臺北市中山南路21-1號
1273,臺中市,北區,,,學士路98號
1274,臺北市,中正區,,,臺北市中山南路21-1號
1275,臺南市,新化區,,,中正路588號
1276,苗栗縣,竹南鎮,,,公園路206號
1277,臺東市,南京路,,,25號
1278,臺東市,南京路,,,25號
1279,臺東市,南京路,,,25號
1280,臺東市,南京路,,,25號
1281,高雄市,鳳山區,,,三多一路1號
1412,臺南市,佳里區,,,六安130號
1413,臺南市,佳里區,,,六安130號
1414,臺南市,安平區,,,安北路194號
1415,臺中市,豐原區,,,圓環東路782號
1416,臺中市,豐原區,,,圓環東路782號
1417,臺中市,豐原區,,,圓環東路782號
1418,臺中市,豐原區,,,圓環東路782號
1419,臺中市,豐原區,,,圓環東路782號
1420,臺中市,豐原區,,,圓環東路782號
977,臺東縣,海端鄉,,,山平2鄰56號
978,臺東縣,海端鄉,,,山平2鄰56號
979,臺東縣,臺東市,,,鐵花路369號
980,臺東縣,臺東市,,,鐵花路369號
981,臺東縣,臺東市,,,鐵花路369號
982,臺東縣,臺東市,,,鐵花路369號
983,臺東縣,臺東市,,,
1117,臺北市,大安區,,,仁愛路三段55號
1118,臺北市,大安區,,,仁愛路三段55號
1119,臺南市,東區,,,林森路二段46號
1120,臺中市,潭子區,,,
1282,台北市,松高路,,,11號
1283,台北市,松高路,,,11號
1284,台北市,松高路,,,11號
1285,台北市,松高路,,,11號
1286,新北市,永和區,,,新生路218號5、6樓
1287,臺中市,東區,,,
1288,中央路,241,,,號6樓
1289,臺南市,中西區,,,南門路37號
1290,台北市,北投區,,,學園路1號
1291,台北市,南海路,,,47號
1292,高雄市,三民區,,,陽明路300號3樓
869,嘉義縣,太保市,,,故宮大道888號
870,高雄市,旗山區,,,022鄰文中路7號
871,臺北市,台北市,,,大安區市民大道三段178號
872,臺東縣,池上鄉,,,台東縣池上鄉中山路211號
984,臺東縣,臺東市,,,
985,臺東縣,臺東市,,,
986,臺東縣,成功鎮,,,新村路25號
987,臺東縣,成功鎮,,,新村路25號
988,臺東縣,成功鎮,,,新村路25號
1121,南投縣,南投市,,,建國路135號
1122,臺北市,木柵路,,,三段66巷8之1號
1123,臺北市,中正區,,,同安街107號 新館3F
1124,臺中市,大里區,,,勝利二路1號
1125,,,,,
1293,桃園市,桃園區,,,縣府路21號
1294,高雄市,鳳山區,,,017鄰光遠路161號
1295,新北市,瑞芳區,,,
1296,臺北市,忠孝西,,,路1段50號17樓之14
1297,臺北市,忠孝西,,,路1段50號17樓之14
1298,臺北市,信義區,,,仁愛路四段505號
1299,高雄市,鳳山區,,,三多一路1號
1300,高雄市,鳳山區,,,三多一路1號
1301,駁二藝,術特區,,,蓬萊區B9倉庫近高捷西子灣站出口二
1302,桃園市,中壢區,,,中美路16號
1303,臺北市,中山南,,,路21-1號，信義路側
1304,高雄市,大樹區,,,
1305,桃園市,新屋區,,,
1306,高雄市,左營區,,,2鄰啟文路12號
1307,桃園市,新屋區,,,
873,新北市,鶯歌區,,,文化路200號
874,,,,,
875,新竹市,東區,,,東門街32號
876,臺中市,西區,,,
877,桃園市,中壢區,,,
878,桃園市,中壢區,,,
989,臺東縣,成功鎮,,,新村路25號
990,新北市,新莊區,,,
991,新北市,蘆洲區,,,民族路7號
992,新北市,淡水區,,,中正路一段6巷32之2號
993,臺北市,北投區,,,中山路3-1號
994,臺東縣,臺東市,,,南京路25號
1126,,,,,
1127,,,,,
1128,,,,,
1129,高雄市,鳳山區,,,三多一路1號
1130,新北市,汐止區,,,大同路一段128號 二樓宴會廳
1131,臺北市,士林區,,,文林路751號
1132,新北市,三重區,,,溪尾街303號
1133,高雄市,六龜區,,,2鄰光復路70號
1134,臺中市,龍井區,,,
1308,桃園市,新屋區,,,
1309,桃園市,新屋區,,,
1310,桃園市,新屋區,,,
1311,桃園市,新屋區,,,
1312,桃園市,平鎮區,,,環南路三段88號
1313,新北市,鶯歌區,,,文化路200號
1314,新北市,永和區,,,中山路一段236號7樓
1315,臺中市,北區,,,館前路1號
1316,臺中市,北區,,,館前路1號
879,高雄市,三民區,,,002鄰大順二路468號
880,桃園市,大溪區,,,普濟路21-3號
881,臺北市,信義區,,,松高路11號
882,臺北市,大安區,,,市民大道三段178號
883,臺南市,東區,,,青年路360-25號
995,臺東縣,臺東市,,,南京路25號
996,臺東縣,臺東市,,,南京路25號
997,臺東縣,臺東市,,,南京路25號
998,臺東縣,臺東市,,,南京路25號
999,臺東縣,臺東市,,,南京路25號
1000,臺東縣,臺東市,,,
1001,臺東縣,臺東市,,,
1002,臺東縣,臺東市,,,
1003,臺東縣,臺東市,,,鐵花路369號
1004,臺東縣,臺東市,,,鐵花路369號
1005,臺東縣,臺東市,,,南京路25號
1006,臺東縣,臺東市,,,南京路25號
1007,臺東縣,臺東市,,,南京路25號
1135,臺中市,西屯區,,,惠來路二段101號
1136,臺中市,南區,,,五權南路100號
1137,,,,,
1138,台北市,羅斯福,,,路四段92號10樓
1139,桃園市,桃園區,,,縣府路1號
1140,臺中市,龍井區,,,
1141,南投縣,草屯鎮,,,中正路573號
1317,屏東縣,牡丹鄉,,,
1318,屏東縣,全區域,,,
1319,屏東縣,枋寮鄉,,,
1320,屏東縣,三地門,,,鄉
1321,屏東縣,全區域,,,
1322,苗栗縣,苗栗市,,,水源里11鄰水流娘8-2號
1323,臺北市,士林區,,,文林路751號
1324,臺中市,西屯區,,,惠來路二段101號
884,新北市,鶯歌區,,,鳳鳴路160號
885,南投縣,集集鎮,,,育才街166號
886,苗栗縣,公館鄉,,,14鄰館南352號
887,台北市,信義區,,,菸廠路88號B1
888,臺南市,佳里區,,,六安130號
889,臺東縣,成功鎮,,,民富路43號
890,臺北市,信義區,,,仁愛路4段505號地下一樓
891,臺北市,信義區,,,仁愛路4段505號地下一樓
892,臺北市,信義區,,,仁愛路4段505號地下一樓
1008,臺東縣,臺東市,,,南京路25號
1009,臺東縣,關山鎮,,,中正路27號
1010,臺東縣,關山鎮,,,中正路27號
1011,臺東縣,關山鎮,,,中正路27號
1012,臺東縣,成功鎮,,,基翬路74號
1013,臺東縣,成功鎮,,,基翬路74號
1014,臺東縣,成功鎮,,,基翬路74號
1142,南投縣,草屯鎮,,,中正路573號
1143,南投縣,草屯鎮,,,中正路573號
1144,南投縣,埔里鎮,,,
1145,臺中市,霧峰區,,,
1146,臺中市,大雅區,,,
1147,臺中市,石岡區,,,
1148,臺中市,北區,,,
1149,臺中市,潭子區,,,
1150,臺中市,大里區,,,
1325,臺南市,仁德區,,,
1326,臺南市,仁德區,,,
1327,桃園市,觀音區,,,
1328,新北市,土城區,,,中州路28巷30號4樓
1329,新北市,土城區,,,中央路4段283-1號4樓
1330,臺中市,南屯區,,,惠文路489號
893,桃園市,中壢區,,,龍吉二街155號
894,台北市,中山南,,,路21-1號
895,高雄市,前鎮區,,,新光路61號
896,臺南市,東區,,,中華東路3段332號
897,臺中市,大里區,,,勝利二路1號
898,臺中市,西屯區,,,惠來路二段101號
899,桃園市,桃園區,,,中正路1188號
900,新竹市,東大路,,,二段17號
901,臺南市,安平區,,,永華路二段6號
902,臺南市,麻豆區,,,
903,臺中市,北屯區,,,旅順路2段73號
1015,臺東縣,臺東市,,,南京路25號
1016,臺東縣,臺東市,,,南京路25號
1017,臺東縣,臺東市,,,南京路25號
1018,臺東縣,臺東市,,,南京路25號
1019,臺東縣,全區域,,,
1020,桃園市,楊梅區,,,
1021,桃園市,楊梅區,,,
1022,桃園市,楊梅區,,,
1023,新北市,林口區,,,忠孝二路55號4、5樓
1151,臺中市,清水區,,,
1152,苗栗縣,竹南鎮,,,公園路206號
1153,臺中市,南區,,,
1154,,,,,
1155,,,,,
1156,,,,,
1331,桃園市,龜山區,,,
1332,花蓮縣,秀林鄉,,,台八線路旁(188K處附近)
1333,苗栗縣,苗栗市,,,自治路50號
1334,苗栗縣,苗栗市,,,自治路50號
1335,苗栗縣,苗栗市,,,自治路50號
1336,臺中市,西屯區,,,惠來路二段101號
1337,臺中市,西屯區,,,惠來路二段101號
1338,臺中市,西屯區,,,惠來路二段101號
1339,臺北市,中山南,,,路21-1號，愛國東路側
1340,台北市,南海路,,,47號
1341,臺南市,龍崎區,,,新市子38號
1342,臺北市,士林區,,,外雙溪至善路2段221號
1343,臺北市,士林區,,,外雙溪至善路2段221號
904,屏東縣,來義鄉,,,南和路289號
905,,,,,
1024,新北市,林口區,,,忠孝二路55號4、5樓
1025,新北市,林口區,,,忠孝二路55號4、5樓
1026,新北市,樹林區,,,
1027,新北市,汐止區,,,
1028,臺北市,北投區,,,中山路3之1號
1029,臺北市,中正區,,,中山南路21號
1030,苗栗縣,苗栗市,,,11鄰水流娘8-2號
1157,桃園市,桃園區,,,三民路一段100號
1158,高雄市,左營區,,,2鄰啟文路12號
1159,臺南市,北區,,,
1160,臺南市,北區,,,
1161,南投縣,南投市,,,中正路2號
1162,臺南市,北區,,,
1163,臺南市,北區,,,
1164,臺南市,北區,,,
1165,屏東縣,屏東市,,,公園路28號
1344,臺北市,士林區,,,外雙溪至善路2段221號
1345,臺北市,大安區,,,和平東路2段134號
1346,南投縣,魚池鄉,,,中山路
1347,臺南市,中西區,,,臺南市中西區南門路 37 號
1348,臺南市,全區域,,,
1349,臺北市,中山南,,,路21-1號
1350,台北市,中山南,,,路21號，藍白建築1樓
1351,台北市,中山北,,,路二段113號3樓
1352,臺中市,西屯區,,,惠來路二段101號
1353,臺中市,學士路,,,98號
1354,高雄市,鳳山區,,,三多一路1號
1355,臺北市,中山南,,,路21-1號，信義路側
906,,,,,
907,新竹縣,竹北市,,,文興路一段123號
908,嘉義縣,朴子市,,,山通路七號
909,嘉義縣,朴子市,,,山通路七號
910,嘉義縣,朴子市,,,山通路七號
911,高雄市,前鎮區,,,新光路61號8樓
1031,,,,,
1032,高雄市,岡山區,,,岡山南路42號
1033,高雄市,鳳山區,,,三多一路1號
1034,新北市,新莊區,,,
1035,臺南市,中西區,,,
1036,臺北市,中山南,,,路20號
1037,,,,,
1038,,,,,
1166,新北市,新莊區,,,中平路493號
1167,台北市,羅斯福,,,路四段92號10樓
1168,新北市,樹林區,,,樹新路40-8號.
1169,南投縣,竹山鎮,,,公所路120號
1170,連江縣,南竿鄉,,,135號
1171,苗栗縣,三義鄉,,,廣聲新城88號
1172,苗栗縣,泰安鄉,,,
1173,苗栗縣,泰安鄉,,,
1356,臺中市,霧峰區,,,中正路738之2號
1357,臺中市,霧峰區,,,中正路738之2號
1358,臺東縣,海端鄉,,,山平2鄰56號
1359,臺東縣,海端鄉,,,山平2鄰56號
1360,臺東縣,臺東市,,,中華路1段684號
1361,高雄市,高雄市,,,三民區九如一路720號
912,臺北市,大安區,,,仁愛路三段五巷三弄11號
913,臺北市,信義區,,,路六段15巷2號
914,桃園市,蘆竹區,,,南祥路386號2樓
915,彰化縣,彰化市,,,城中街20號（紅絲線）
916,高雄市,鳳山區,,,三多一路1號
917,臺中市,北區,,,學士路91號
918,桃園市,桃園區,,,公園路42號
919,桃園市,桃園區,,,公園路42號
920,南投縣,名間鄉,,,彰南路42-2號三樓
1039,,,,,
1040,,,,,
1041,,,,,
1042,,,,,
1043,台南市,永康區,,,環工路107號
1044,高雄市,鳳山區,,,三多一路1號
1045,臺中市,西屯區,,,惠來路二段101號
1046,高雄市,左營區,,,2鄰啟文路12號
1047,高雄市,三民區,,,002鄰大順二路468號
1174,臺北市,仰德大,,,道二段141號
1175,臺南市,中西區,,,臺南市中西區南門路 37 號
1176,臺南市,中西區,,,臺南市中西區南門路 37 號
1177,臺南市,中西區,,,臺南市中西區忠義路二段 1 號
1178,臺南市,中西區,,,臺南市中西區忠義路二段 1 號
1179,臺北市,中正區,,,中山南路21號
1180,臺北市,中正區,,,中山南路21號
1181,臺北市,中正區,,,中山南路21號
1182,臺北市,中正區,,,中山南路21號
1183,臺北市,中正區,,,中山南路21號
1184,臺北市,中正區,,,中山南路21號
1185,臺北市,中正區,,,中山南路21號
1186,臺北市,中正區,,,中山南路21號
1187,臺北市,中正區,,,中山南路21號
1362,南投縣,草屯鎮,,,中正路573號
1363,臺北市,信義區,,,仁愛路4段505號
1364,臺北市,信義區,,,仁愛路4段505號
1365,臺北市,信義區,,,仁愛路4段505號
921,臺中市,北區,,,
922,嘉義縣,太保市,,,故宮大道888號
923,嘉義縣,民雄鄉,,,民族路43之1號
924,嘉義縣,民雄鄉,,,民族路43之1號
925,嘉義縣,民雄鄉,,,民族路43之1號
926,嘉義縣,鹿草鄉,,,287號
927,嘉義縣,鹿草鄉,,,287號
928,嘉義縣,鹿草鄉,,,287號
929,嘉義縣,竹崎鄉,,,中正路96號
930,嘉義縣,竹崎鄉,,,中正路96號
931,嘉義縣,竹崎鄉,,,中正路96號
932,彰化縣,埔心鄉,,,
1048,臺中市,北區,,,
1049,,,,,
1050,,,,,
1051,,,,,
1052,,,,,
1053,,,,,
1054,臺東縣,成功鎮,,,新村路25號
1188,臺北市,中正區,,,中山南路21號
1189,臺北市,中正區,,,中山南路21號
1190,臺北市,中正區,,,中山南路21號
1191,臺北市,中正區,,,中山南路21號
1192,臺北市,中正區,,,中山南路21號
1193,臺北市,中正區,,,中山南路21號
1194,臺北市,中正區,,,中山南路21號（藍白建築1樓）
1195,台南市,仁德區,,,文華路二段66號
1196,高雄市,鳳山區,,,三多一路1號
1197,台南市,仁德區,,,文華路二段66號
1198,臺北市,士林區,,,文林路751號
1199,桃園市,中壢區,,,延平路627號
1200,桃園市,桃園區,,,縣府路21號
1201,高雄市,岡山區,,,公園路2-1號
1202,桃園市,平鎮區,,,振興路5號
1366,臺中市,西區,,,五權西路一段2號
1367,臺南市,東區,,,崇德十街２號１樓
1368,臺北市,中山南,,,路21-1號，信義路側
1369,民雄鄉,建國路,,,2段265號
1370,高雄市,鳳山區,,,三多一路1號
1371,台北市,北投區,,,立農街二段155號
1372,桃園市,八德區,,,
933,臺南市,中西區,,,開山路152號
934,臺北市,承德路,,,三段131號4樓
935,南投縣,南投市,,,
936,高雄市,鹽埕區,,,019鄰中正四路272號
1055,臺東縣,成功鎮,,,新村路25號
1056,臺東縣,成功鎮,,,新村路25號
1057,臺南市,七股區,,,
1058,彰化縣,和美鎮,,,道周路346號
1059,彰化縣,和美鎮,,,道周路346號
1060,彰化縣,和美鎮,,,道周路346號
1061,彰化縣,和美鎮,,,道周路346號
1062,彰化縣,和美鎮,,,道周路346號
1063,彰化縣,和美鎮,,,道周路346號
1064,臺中市,西屯區,,,惠來路二段101號
1065,高雄市,鳳山區,,,三多一路1號
1066,高雄市,鳳山區,,,三多一路1號
1203,新北市,永和區,,,新生路218號5、6樓
1204,新北市,中和區,,,圓通路121巷5號1樓
1205,新北市,中和區,,,南山路236號6樓
1206,新北市,中和區,,,南山路236號6樓
1207,新北市,中和區,,,南山路236號6樓
1208,臺中市,大里區,,,勝利二路1號
1209,臺中市,大里區,,,勝利二路1號
1210,高雄市,三民區,,,2鄰十全一路220號
1211,高雄市,鳳山區,,,017鄰光遠路161號
1212,臺中市,西屯區,,,
1373,臺北市,士林區,,,外雙溪至善路2段221號
1374,桃園市,大溪區,,,
1375,新北市,永和區,,,中山路一段236號7樓
1376,新北市,樹林區,,,佳園路三段128號二樓
1377,新北市,三峽區,,,學成路396號3-4樓
937,臺北市,大安區,,,
938,臺中市,北屯區,,,旅順路2段73號
939,臺北市,中山區,,,
940,臺北市,敦化南,,,路一段159號3樓
1067,臺北市,中山區,,,中山北路3段181號
1068,臺北市,中山區,,,中山北路3段181號
1069,臺北市,中山區,,,中山北路3段181號
1070,臺北市,中山區,,,中山北路3段181號
1071,高雄市,三民區,,,002鄰大順二路468號
1072,新北市,板橋區,,,
1073,新北市,新店區,,,
1213,臺中市,清水區,,,
1214,臺中市,清水區,,,
1215,臺中市,霧峰區,,,中正路738之2號
1216,臺北市,中山區,,,10461中山北路三段181號
1217,新北市,淡水區,,,中正路1段6巷36號
1218,新北市,蘆洲區,,,中山二路162號2樓
1378,新北市,三峽區,,,永安街9巷5號2樓
1379,臺北市,內湖區,,,
1380,桃園市,大溪區,,,
1381,臺中市,清水區,,,鰲海路59號
1382,臺中市,霧峰區,,,
1383,臺中市,潭子區,,,
1384,臺中市,神岡區,,,
1385,臺中市,神岡區,,,
1386,臺中市,西屯區,,,
941,臺南市,中西區,,,台南市中西區中正路1號
942,臺北市,中正區,,,八德路一段1號
943,臺南市,中西區,,,臺南市中西區忠義路二段 1 號
944,臺中市,北屯區,,,旅順路2段73號
945,新北市,鶯歌區,,,文化路200號
946,臺北市,內湖區,,,陽光街351號
1074,高雄市,苓雅區,,,001鄰五福一路67號
1075,臺北市,士林區,,,承德路5段55號
1076,台北市,八德路,,,三段25號
1077,高雄市,鳳山區,,,三多一路1號
1078,臺中市,西屯區,,,惠來路二段101號
1079,臺北市,士林區,,,文林路751號
1219,雲林縣,崙背鄉,,,民生路28之8號
1220,臺北市,信義區,,,松隆路327號10樓之一
1221,臺南市,南區,,,喜樹路179號
1222,南投縣,仁愛鄉,,,
1223,花蓮縣,新城鄉,,,
1224,花蓮縣,萬榮鄉,,,
1225,臺中市,豐原區,,,圓環東路782號
1387,臺中市,北區,,,公園路37-1號
1388,臺中市,西區,,,林森路33號
1389,臺中市,西區,,,民權路97號
1390,臺中市,后里區,,,
1391,桃園市,大溪區,,,
1392,高雄市,前鎮區,,,21鄰新光路61號
1393,臺中市,梧棲區,,,雲集街72號
1394,高雄市,小港區,,,006鄰南星路2808號
1395,臺北市,忠孝西,,,路1段50號17樓之14
1396,臺南市,新市區,,,民族路192號
1397,臺南市,新市區,,,民族路192號
947,臺北市,中正區,,,中山南路21號
948,,,,,
949,,,,,
950,桃園市,中壢區,,,中美路16號
951,苗栗縣,南庄鄉,,,
952,臺東縣,綠島鄉,,,將軍岩20號
953,,,,,
1080,臺北市,士林區,,,文林路751號
1081,臺中市,西區,,,五權西路一段2號
1082,臺中市,西區,,,五權西路一段2號
1083,臺中市,西區,,,五權西路一段2號
1084,臺中市,西區,,,五權西路一段2號
1085,臺北市,新生南,,,路三段56巷7號2樓
1086,,,,,
1226,南投縣,仁愛鄉,,,仁和路170號
1227,南投縣,集集鎮,,,育才街147號
1228,南投縣,草屯鎮,,,敦和路74號
1229,南投縣,鹿谷鄉,,,
1230,南投縣,魚池鄉,,,中山路
1231,南投縣,中寮鄉,,,
1232,南投縣,南投市,,,
1233,南投縣,國姓鄉,,,
1234,南投縣,埔里鎮,,,中華路239號
1398,臺南市,新市區,,,民族路192號
1399,臺南市,新市區,,,民族路192號
1400,高雄市,鼓山區,,,延平街87-13號
1401,桃園市,八德區,,,
1402,桃園市,八德區,,,
1403,高雄市,美濃區,,,6鄰中正路一段59號
1404,臺北市,士林區,,,文林路751號
1405,臺北市,士林區,,,文林路751號
954,,,,,
955,臺中市,南屯區,,,
956,苗栗縣,頭屋鄉,,,
957,高雄市,鳥松區,,,
958,高雄市,林園區,,,沿海路二段250號
959,高雄市,小港區,,,
960,高雄市,阿蓮區,,,
961,高雄市,內門區,,,12鄰內埔82號
1087,臺南市,新市區,,,南科三路10號
1088,,,,,
1089,,,,,
1090,高雄市,鳳山區,,,三多一路1號
1091,台北市,信義區,,,菸廠路88號B1
1092,新竹市,東大路,,,二段17號
1093,台南市,永康區,,,環工路107號
1094,台中市,西區,,,民生路227號-英才校區
1095,臺東市,南京路,,,25號
1096,新竹市,東大路,,,二段17號
1097,台北市,信義區,,,菸廠路88號B1
1098,新竹市,北區,,,
1099,,,,,
1100,,,,,
1101,臺北市,延平南,,,路98號
1102,臺北市,延平南,,,路98號
1103,臺北市,中山南,,,路21-1號
1104,臺北市,中山南,,,路21-1號
1105,臺中市,清水區,,,
1106,臺中市,大雅區,,,
1235,臺北市,中正區,,,襄陽路2號 ( 二二八和平公園內)
1236,,,,,
1237,台北市,羅斯福,,,路四段92號10樓
1238,桃園市,中壢區,,,中美路16號
1239,臺北市,延平南,,,路98號2樓
1240,高雄市,苓雅區,,,五福一路67號
1241,高雄市,鳳山區,,,三多一路1號
1242,臺北市,中山南,,,路21-1號
1243,臺北市,中山南,,,路21-1號
1244,臺北市,景文街,,,32號，捷運景美站1號出口
1245,臺北市,景文街,,,32號，捷運景美站1號出口
1246,新竹市,東大路,,,二段17號
1247,台北市,南海路,,,47號
1248,高雄市,鳳山區,,,三多一路1號
1249,南投縣,南投市,,,彰南路二段61號
1250,南投縣,南投市,,,彰南路二段61號
1251,臺北市,士林區,,,外雙溪至善路2段221號
1252,宜蘭縣,五結鄉,,,五濱路二段201號
1406,臺北市,士林區,,,文林路751號
1407,臺北市,全區域,,,
1408,臺北市,士林區,,,文林路751號
1409,臺南市,佳里區,,,六安130號
1410,臺南市,佳里區,,,六安130號
1411,臺南市,佳里區,,,六安130號
962,高雄市,仁武區,,,
963,高雄市,田寮區,,,
964,高雄市,路竹區,,,
965,,,,,
966,台北市,信義區,,,菸廠路88號B1
967,台北市,信義區,,,菸廠路88號B1
968,台北市,信義區,,,菸廠路88號B1
969,臺中市,學士路,,,98號
970,高雄市,苓雅區,,,五福一路67號
971,臺東縣,臺東市,,,南京路25號
972,臺東縣,臺東市,,,南京路25號
973,臺東縣,臺東市,,,南京路25號
974,臺東縣,臺東市,,,南京路25號
975,臺東縣,臺東市,,,南京路25號
976,臺東縣,海端鄉,,,山平2鄰56號
1107,臺南市,中西區,,,臺南市中西區南門路 37 號
1108,臺南市,中西區,,,臺南市中西區南門路 37 號
1109,雲林縣,斗南鎮,,,福德街151號
1110,雲林縣,斗六市,,,
1111,高雄市,鳳山區,,,三多一路1號
1112,高雄市,鳳山區,,,三多一路1號
1113,高雄市,鳳山區,,,三多一路1號
1114,高雄市,鳳山區,,,三多一路1號
1115,台北市,文山區,,,木柵路三段66巷8之1號
1116,桃園市,龜山區,,,復興一路8號3樓
1253,宜蘭縣,五結鄉,,,五濱路二段201號
1254,高雄市,苓雅區,,,001鄰五福一路67號
1255,臺中市,霧峰區,,,大同路8號
1256,臺南市,安平區,,,
1257,,,,,
1258,台北市,八德路,,,三段25號
1259,屏東縣,鹽埔鄉,,,鹽南村建設街36號
1260,高雄市,前金區,,,七賢二路249號9樓
1261,臺北市,中山南,,,路21-1號，愛國東路側
1262,台北市,信義區,,,菸廠路88號B1
1263,屏東市,民生路,,,4-17號
2635,新北市,板橋區,,,莊敬路62號
2636,新北市,板橋區,,,莊敬路62號
2637,新北市,板橋區,,,莊敬路62號
2638,新北市,板橋區,,,莊敬路62號
2639,新北市,板橋區,,,莊敬路62號
2640,新北市,板橋區,,,莊敬路62號
3014,苗栗縣,苗栗市,,,自治路50號
3015,苗栗縣,竹南鎮,,,中正路 108號
3016,苗栗縣,竹南鎮,,,永貞路二段196號
3017,苗栗縣,竹南鎮,,,
2739,臺北市,中正區,,,濟南路二段27號
2887,苗栗縣,後龍鎮,,,7鄰新港三路295號
2888,苗栗縣,後龍鎮,,,7鄰新港三路295號
2889,苗栗縣,後龍鎮,,,7鄰新港三路295號
2890,苗栗縣,後龍鎮,,,7鄰新港三路295號
2891,苗栗縣,後龍鎮,,,7鄰新港三路295號
2892,苗栗縣,後龍鎮,,,7鄰新港三路295號
2893,苗栗縣,後龍鎮,,,7鄰新港三路295號
2894,臺中市,沙鹿區,,,鎮南路二段 488號
2895,苗栗縣,後龍鎮,,,7鄰新港三路295號
2896,苗栗縣,後龍鎮,,,7鄰新港三路295號
2897,苗栗縣,後龍鎮,,,7鄰新港三路295號
2898,苗栗縣,後龍鎮,,,7鄰新港三路295號
2899,苗栗縣,後龍鎮,,,7鄰新港三路295號
2900,苗栗縣,後龍鎮,,,7鄰新港三路295號
2901,苗栗縣,後龍鎮,,,7鄰新港三路295號
2902,苗栗縣,後龍鎮,,,7鄰新港三路295號
2903,苗栗縣,後龍鎮,,,7鄰新港三路295號
2904,苗栗縣,後龍鎮,,,7鄰新港三路295號
2905,臺中市,沙鹿區,,,鎮南路二段 488號
2906,苗栗縣,竹南鎮,,,公園路206號
3018,苗栗縣,竹南鎮,,,中正路 108號
3019,苗栗縣,竹南鎮,,,永貞路二段196號
3020,臺北市,中山區,,,新生北路三段62巷24號
3021,臺北市,中山區,,,新生北路三段62巷24號
2740,臺北市,中正區,,,濟南路二段27號
2741,臺北市,士林區,,,文林路751號
2742,臺北市,中正區,,,徐州路21號
2513,新北市,樹林區,,,樹新路40-7號3-4樓
2514,新北市,板橋區,,,篤行路二段133號
2515,臺中市,南區,,,五權南路100號
2516,高雄市,鼓山區,,,延平街87-13號
2517,新北市,板橋區,,,文化路一段23號3樓
2518,臺中市,南區,,,興路三段362號
2519,花蓮市,文復路,,,6號
2520,新北市,線上辦,,,理
2907,澎湖縣,馬公市,,,六合路300號
2908,臺中市,沙鹿區,,,鎮南路二段 488號
2909,苗栗縣,公館鄉,,,14鄰館南352號
2910,臺中市,西屯區,,,市政北二路386號
2911,苗栗縣,苗栗市,,,自治路50號
2641,臺北市,中正區,,,延平南路156號
2642,臺北市,大同區,,,民生西路309號
2643,高雄市,彌陀區,,,2鄰中正路281巷50號
2644,新北市,板橋區,,,莊敬路62號
2645,新北市,板橋區,,,莊敬路62號
2646,新北市,板橋區,,,
2647,高雄市,大樹區,,,17鄰中興西路50號
2743,,,,,
2744,,,,,
2745,,,,,
2746,,,,,
2747,,,,,
2748,,,,,
2749,,,,,
2750,,,,,
2751,,,,,
2752,臺中市,西屯區,,,惠來路二段101號
2753,雲林縣,西螺鎮,,,中山路229巷12號
2754,臺北市,北投區,,,學園路1號.
2755,台北市,北投區,,,學園路1號
2756,臺北市,中山南,,,路21-1號，信義路側
2757,臺北市,中山南,,,路21-1號，信義路側
2758,台北市,北投區,,,學園路1號
2759,台北市,北投區,,,學園路1號
2760,台北市,北投區,,,學園路1號
2761,台北市,北投區,,,學園路1號
2762,台北市,北投區,,,學園路1號
2763,台北市,北投區,,,學園路1號
2764,台北市,北投區,,,學園路1號
2765,台北市,北投區,,,學園路1號
2766,新北市,板橋區,,,莊敬路62號
2767,臺北市,延平南,,,路98號2樓
2768,高雄市,苓雅區,,,五福一路67號
2769,台北市,北投區,,,學園路1號
2770,台北市,北投區,,,學園路1號
2771,高雄市,鳳山區,,,光遠路161號
2772,台南市,中西區,,,開山路152號
2773,台北市,信義區,,,菸廠路88號 誠品松菸店B1
2774,新竹縣,竹北市,,,嘉豐南路一段122號
2521,臺北市,中正區,,,中山南路21號
2522,臺北市,中正區,,,中山南路21號
2523,臺北市,中正區,,,南海路41號
2524,臺南市,中西區,,,中華西路二段34號
2912,苗栗縣,公館鄉,,,14鄰館南352號
2913,苗栗縣,苗栗市,,,
2914,苗栗縣,三義鄉,,,廣聲新城88號
2915,苗栗縣,三義鄉,,,廣聲新城88號
2916,臺南市,中西區,,,臺南市中西區忠義路二段 1 號
2648,新北市,貢寮區,,,仁愛路79號三樓
2649,新北市,樹林區,,,中山路二段80號3樓
2650,新北市,樹林區,,,國凱街65號三樓
2651,新北市,樹林區,,,大安路118之1號
2652,新北市,樹林區,,,福興街17號2樓
2653,高雄市,鹽埕區,,,1鄰大仁路179號5樓、6樓
2654,高雄市,鹽埕區,,,1鄰大仁路179號5樓、6樓
2655,新北市,淡水區,,,中山北路一段158號（水碓活動中心）四樓、六樓、七樓
2775,高雄市,苓雅區,,,五福一路67號
2776,桃園市,龍潭區,,,
2777,桃園市,桃園區,,,三民路一段100號
2778,臺南市,後壁區,,,
2779,臺中市,清水區,,,忠貞路21號
2780,臺中市,西區,,,
2781,臺中市,北屯區,,,
2782,臺中市,南區,,,
2783,臺中市,北屯區,,,
2525,臺中市,西區,,,五權西路一段2號
2526,屏東縣,琉球鄉,,,中正路255-1號（小島停琉）
2527,台北市,信義區,,,菸廠路88號B1
2528,臺北市,士林區,,,文林路751號
2529,臺北市,中山南,,,路21-1號
2530,高雄市,鳳山區,,,三多一路1號
2531,臺南市,新營區,,,中正路23號
2532,高雄市,鳳山區,,,三多一路1號
2533,高雄市,鳳山區,,,三多一路1號
2534,高雄市,鳳山區,,,三多一路1號
2535,台南市,中華東,,,路3段332號
2536,台東市,南京路,,,37號
2537,台北市,濟南路,,,一段7號B1
2538,高雄市,鳳山區,,,三多一路1號
2539,新北市,蘆洲區,,,中山二路162號2樓
2540,台北市,萬華區,,,康定路173巷5號
2541,臺中市,學士路,,,98號
2917,澎湖縣,馬公市,,,
2918,苗栗縣,苗栗市,,,自治路50號
2919,苗栗縣,苗栗市,,,自治路50號
2920,臺中市,沙鹿區,,,鎮南路二段 488號
2921,臺中市,沙鹿區,,,鎮南路二段 488號
2922,臺中市,豐原區,,,水源路1-1號
2923,金門縣,金寧鄉,,,仁愛新村1號
2924,澎湖縣,馬公市,,,
2925,澎湖縣,馬公市,,,
2656,新北市,淡水區,,,文化路65號
2657,臺南市,中西區,,,民權路二段30號
2658,臺南市,中西區,,,友愛街8-3號
2659,臺南市,中西區,,,府前路一段191號
2660,臺南市,中西區,,,府前路一段191號
2661,臺南市,中西區,,,府前路一段191號
2662,臺南市,中西區,,,臺南市中西區忠義路二段 1 號
2784,臺中市,清水區,,,
2785,臺中市,清水區,,,忠貞路21號
2786,高雄市,林園區,,,林園北路236號
2787,新竹縣,竹東鎮,,,忠孝街95號(美之城)
2788,臺南市,下營區,,,文化街117號
2542,屏東市,民生路,,,4-17號
2543,屏東市,民生路,,,4-17號
2544,臺北市,中山南,,,路21-1號，信義路側
2545,高雄市,鳳山區,,,三多一路1號
2546,高雄市,大寮區,,,16鄰進學路133號
2547,桃園市,楊梅區,,,
2548,桃園市,中壢區,,,
2549,桃園市,平鎮區,,,
2550,桃園市,新屋區,,,
2551,桃園市,桃園區,,,延平路147號
2552,桃園市,全區域,,,
2553,桃園市,中壢區,,,馬祖新村11~20號
2554,桃園市,桃園區,,,
2926,澎湖縣,馬公市,,,
2927,金門縣,金城鎮,,,環島北路一段66號
2928,金門縣,金湖鎮,,,尚義機場2號
2929,澎湖縣,馬公市,,,
2930,高雄市,三民區,,,002鄰大順二路468號
2931,澎湖縣,馬公市,,,
2932,苗栗縣,竹南鎮,,,
2663,臺南市,中西區,,,臺南市中西區忠義路二段 1 號
2664,臺南市,東區,,,大學路1號
2665,新北市,蘆洲區,,,三民路178號
2666,新北市,汐止區,,,新台五路一段95號4樓
2667,新北市,汐止區,,,新台五路一段99號4樓
2668,,,,,
2669,臺北市,中正區,,,中山南路21號
2670,臺北市,中正區,,,中山南路21號
2789,桃園市,桃園區,,,縣府路21號
2790,桃園市,大溪區,,,
2791,臺中市,西屯區,,,市政北二路386號
2792,桃園市,八德區,,,
2555,臺北市,信義區,,,仁愛路四段505號
2556,桃園市,龍潭區,,,中正路三林段500號
2557,高雄市,楠梓區,,,楠梓路262號
2558,臺北市,萬華區,,,康定路、昆明街之間的廣州街北側，老松國小的南側
2559,桃園市,中壢區,,,中北路200號
2560,臺中市,霧峰區,,,大同路8號
2561,臺中市,霧峰區,,,大同路8號
2933,苗栗縣,竹南鎮,,,
2934,苗栗縣,竹南鎮,,,
2935,高雄市,新興區,,,1鄰中正三路34號3樓
2936,苗栗縣,苗栗市,,,自治路50號
2937,臺北市,信義區,,,松高路19號
2671,臺北市,中正區,,,中山南路21號
2672,高雄市,三民區,,,九如一路777號2樓
2673,臺北市,士林區,,,文林路751號
2674,臺中市,西區,,,五權西路一段2號
2675,台北市,信義區,,,菸廠路88號B1
2676,新北市,蘆洲區,,,中山二路162號2樓
2677,臺中市,西屯區,,,惠來路二段101號
2678,高雄市,鳳山區,,,三多一路1號
2793,桃園市,中壢區,,,延平路198號
2794,臺中市,西屯區,,,
2795,臺中市,中區,,,
2796,臺中市,西屯區,,,
2797,臺中市,西屯區,,,
2798,臺中市,西屯區,,,
2799,臺中市,西屯區,,,
2800,臺中市,西屯區,,,
2801,臺中市,西屯區,,,
2802,臺中市,西屯區,,,
2803,臺中市,西屯區,,,
2804,臺中市,西屯區,,,
2562,臺中市,霧峰區,,,大同路8號
2563,桃園市,中壢區,,,中北路200號
2564,臺中市,霧峰區,,,大同路8號
2565,臺中市,霧峰區,,,大同路8號
2566,臺中市,霧峰區,,,大同路8號
2567,臺中市,霧峰區,,,大同路8號
2568,臺中市,霧峰區,,,大同路8號
2569,臺中市,霧峰區,,,大同路8號
2570,臺中市,霧峰區,,,大同路8號
2571,臺中市,霧峰區,,,大同路8號
2938,第1展,覽室,,,
2939,臺中市,北屯區,,,文心路四段575號
2940,臺中市,西區,,,五權西路一段2號
2941,臺中市,西區,,,五權西路一段2號
2942,臺中市,西區,,,五權西路一段2號
2943,嘉義市,忠孝路,,,275號
2944,臺北市,中山南,,,路21-1號
2945,臺南市,東區,,,中華東路3段332號
2946,臺中市,西屯區,,,惠來路二段101號
2947,新北市,淡水區,,,中正路1段6巷36號
2948,台北市,羅斯福,,,路四段92號10樓
2949,桃園市,中壢區,,,中美路16號
2950,新竹市,東大路,,,二段17號
2951,臺北市,中山南,,,路21-1號
2952,高雄市,鳳山區,,,三多一路1號
2953,臺北市,中山南,,,路21-1號
2954,臺北市,中山南,,,路21-1號，信義路側
2955,臺北市,中山南,,,路21-1號，信義路側
2956,竹北市,縣政九,,,路146號
2957,臺北市,信義區,,,光復南路133號
2679,臺南市,東區,,,中華東路三段332號
2680,高雄市,苓雅區,,,001鄰五福一路67號
2681,高雄市,鼓山區,,,4鄰鼓山三路19-3號
2682,高雄市,左營區,,,2鄰啟文路12號
2683,高雄市,左營區,,,博愛三路453號
2684,高雄市,林園區,,,林園北路236號
2685,桃園市,龍潭區,,,
2686,桃園市,龍潭區,,,
2805,臺中市,西屯區,,,
2806,臺中市,西屯區,,,
2807,臺中市,西屯區,,,
2808,臺中市,西屯區,,,
2809,臺中市,西屯區,,,
2810,臺中市,梧棲區,,,雲集街72號
2811,高雄市,六龜區,,,
2812,南投縣,南投市,,,中興新村中學路2號
2813,澎湖縣,白沙鄉,,,
2814,南投縣,草屯鎮,,,中正路573號
2815,南投縣,草屯鎮,,,
2816,南投縣,南投市,,,
2817,臺南市,中西區,,,中華西路二段34號
2818,臺南市,麻豆區,,,興國路11號
2572,臺北市,全區域,,,
2573,高雄市,鼓山區,,,4鄰鼓山三路19-3號
2574,高雄市,鳳山區,,,017鄰光遠路161號
2575,高雄市,鳳山區,,,017鄰光遠路161號
2576,高雄市,鳳山區,,,017鄰光遠路161號
2577,臺中市,神岡區,,,中山路1460號
2578,臺中市,神岡區,,,中山路1460號
2958,新北市,新店區,,,
2959,臺中市,清水區,,,忠貞路21號
2960,臺中市,清水區,,,忠貞路21號
2961,臺中市,清水區,,,忠貞路21號
2962,臺中市,清水區,,,忠貞路21號
2963,臺中市,清水區,,,忠貞路21號
2687,臺中市,西區,,,
2688,臺中市,霧峰區,,,大同路8號
2689,臺中市,霧峰區,,,大同路8號
2690,臺中市,霧峰區,,,大同路8號
2691,新北市,淡水區,,,民生路27號4樓、5樓、6樓
2692,臺中市,北區,,,學士路98號
2693,新北市,淡水區,,,民生路27號4樓、5樓、6樓
2694,新北市,淡水區,,,中山北路一段158號（水碓活動中心）四樓、六樓、七樓
2695,新北市,淡水區,,,中正東路2段68號
2696,新北市,淡水區,,,文化路65號
2819,臺南市,將軍區,,,1號
2820,高雄市,旗山區,,,華中街
2821,高雄市,茄萣區,,,港東街111號
2822,新竹縣,竹北市,,,縣政九路146號
2823,臺南市,中西區,,,中華西路二段34號
2824,ssr,oom,,, (Peinan Site Park)
2825,臺中市,西區,,,五權西路一段2號
2826,,,,,
2827,,,,,
2579,高雄市,彌陀區,,,2鄰中正路281巷50號
2580,宜蘭縣,員山鄉,,,8鄰員山路二段326號
2581,宜蘭縣,員山鄉,,,8鄰員山路二段326號
2582,臺中市,西屯區,,,惠來路二段101號
2583,南投縣,南投市,,,中興新村環山路95巷26號
2964,臺中市,清水區,,,
2965,新北市,全區域,,,
2966,臺中市,豐原區,,,圓環東路782號
2967,臺中市,豐原區,,,圓環東路782號
2968,臺中市,豐原區,,,圓環東路782號
2969,臺中市,豐原區,,,圓環東路782號
2970,臺中市,豐原區,,,圓環東路782號
2971,臺中市,豐原區,,,圓環東路782號
2972,臺南市,安南區,,,郡安路四段66號
2697,新北市,淡水區,,,文化路65號
2698,臺中市,豐原區,,,圓環東路782號
2699,臺中市,豐原區,,,圓環東路782號
2700,臺中市,太平區,,,大興路201號
2701,臺中市,太平區,,,大興路201號
2702,臺中市,沙鹿區,,,
2703,臺中市,神岡區,,,中山路1460號
2704,臺中市,神岡區,,,中山路1460號
2828,,,,,
2829,,,,,
2830,,,,,
2831,,,,,
2832,,,,,
2833,,,,,
2834,,,,,
2835,,,,,
2836,,,,,
2837,,,,,
2838,,,,,
2839,,,,,
2840,,,,,
2841,台北市,中山區,,,南京東路二段124號9樓
2842,臺北市,中山南,,,路21-1號
2843,嘉義市,忠孝路,,,275號
2844,台北市,中山區,,,南京東路二段124號9樓
2845,竹北市,縣政九,,,路146號
2846,竹北市,縣政九,,,路146號
2847,臺北市,中正區,,,八德路一段1號
2848,台北市,中山區,,,南京東路二段124號9樓
2849,台北市,中山區,,,南京東路二段124號9樓
2850,宜蘭縣,蘇澳鎮,,,武荖坑路75號
2584,南投縣,仁愛鄉,,,
2585,南投縣,仁愛鄉,,,
2586,南投縣,中寮鄉,,,永平路270號
2587,南投縣,魚池鄉,,,秀水路233號
2973,臺南市,安南區,,,郡安路四段66號
2974,南投縣,南投市,,,建國路135號
2975,南投縣,南投市,,,中興新村環山路95巷26號
2976,南投縣,南投市,,,建國路135號
2977,南投縣,南投市,,,建國路135號
2978,南投縣,南投市,,,建國路135號
2979,南投縣,南投市,,,建國路135號
2980,南投縣,南投市,,,建國路135號
2705,臺中市,全區域,,,
2706,臺中市,神岡區,,,中山路1460號
2707,臺中市,太平區,,,大興路201號
2708,臺中市,太平區,,,大興路201號
2709,臺中市,神岡區,,,中山路1460號
2710,臺中市,清水區,,,
2711,臺中市,太平區,,,大興路201號
2712,臺中市,潭子區,,,
2851,高雄市,鹽埕區,,,8鄰大勇路1號
2852,高雄市,新興區,,,6鄰民生一路271號
2853,高雄市,三民區,,,002鄰大順二路468號
2854,高雄市,苓雅區,,,001鄰五福一路67號
2855,桃園市,中壢區,,,中美路16號
2856,高雄市,苓雅區,,,8鄰青年二路101號4-5樓
2588,南投縣,草屯鎮,,,草鞋墩一街8號
2589,南投縣,竹山鎮,,,公所路120號
2590,南投縣,南投市,,,中興路669號
2591,臺南市,中西區,,,西門路二段120號B1
2981,南投縣,南投市,,,建國路135號
2982,南投縣,南投市,,,建國路135號
2983,南投縣,南投市,,,建國路135號
2984,南投縣,南投市,,,建國路135號
2985,南投縣,南投市,,,建國路135號
2986,南投縣,南投市,,,建國路135號
2987,南投縣,南投市,,,彰南路二段61號
2988,南投縣,南投市,,,中興新村環山路95巷26號
2989,南投縣,南投市,,,中興新村環山路95巷26號
2990,臺南市,新營區,,,
2713,臺中市,西區,,,民權路99號
2714,臺中市,神岡區,,,中山路1460號
2715,臺中市,大肚區,,,華山路700號
2716,臺南市,六甲區,,,中山路202號
2717,臺南市,六甲區,,,中山路202號
2718,臺中市,南屯區,,,
2719,高雄市,大樹區,,,25鄰久堂路97-1號
2720,臺南市,南區,,,新和東路51號
2721,臺南市,安平區,,,育平路320號
2857,高雄市,鼓山區,,,4鄰鼓山三路19-3號
2858,桃園市,中壢區,,,中美路16號
2859,高雄市,大寮區,,,40鄰光明路3段1437號
2860,高雄市,苓雅區,,,001鄰五福一路67號
2861,高雄市,小港區,,,博學路365號
2862,新北市,淡水區,,,中正路259 號
2592,南投縣,集集鎮,,,育才街166號
2593,臺南市,中西區,,,西門路二段120號B1
2594,臺南市,中西區,,,西門路二段120號B1
2595,南投縣,南投市,,,光明一路252號
2596,臺北市,萬華區,,,成都路10號
2597,臺北市,中正區,,,中山南路21號
2598,新北市,復興路,,,43號10樓
2599,臺北市,100,,, 臺北市同安街107號
2991,臺南市,仁德區,,,二仁路一段321號
2992,臺中市,南區,,,興路三段362號
2993,臺中市,南區,,,興路三段362號
2994,臺中市,南區,,,興路三段362號
2995,臺中市,南區,,,興路三段362號
2996,臺南市,安南區,,,長和路一段250號
2997,臺南市,新市區,,,南科三路10號
2998,臺南市,東區,,,大學路1號（成功校區）
2999,臺南市,新營區,,,民治路36號
2722,臺南市,中西區,,,府前路一段191號
2723,新竹市,東區,,,中央路229號
2724,新竹市,東區,,,中央路229號
2725,新竹市,東區,,,中央路229號
2726,新竹市,東區,,,中央路229號
2727,臺北市,中正區,,,南海路41號
2728,臺南市,中西區,,,府前路一段191號
2863,新北市,淡水區,,,中山北路1段158號
2864,臺中市,南區,,,興路三段362號
2865,臺南市,白河區,,,大德街1號
2866,新北市,蘆洲區,,,三民路178號
2600,臺北市,台北市,,,中正區中山南路21號
2601,臺北市,台北市,,,大安區大安路一段77號地下街-近東區地下街14號出口
2602,臺北市,中正區,,,中山南路21號
2603,臺北市,中正區,,,中山南路21號
2604,臺北市,中山南,,,路21-1號
2605,臺北市,中山南,,,路21-1號
2606,台北市,信義區,,,菸廠路88號B1
2607,高雄市,鳳山區,,,光遠路161號
2608,台北市,八德路,,,三段25號
2609,民雄鄉,建國路,,,2段265號
2610,臺北市,中山南,,,路21-1號，信義路側
2611,臺北市,中山南,,,路21-1號
3000,臺南市,安平區,,,永華路二段6號
3001,新北市,板橋區,,,大觀路一段59號
3002,南投縣,南投市,,,光榮北路1號
3003,南投縣,南投市,,,光榮北路1號
3004,南投縣,南投市,,,光榮北路1號
3005,南投縣,南投市,,,光榮北路1號
3006,南投縣,竹山鎮,,,
2729,臺北市,大安區,,,
2730,臺北市,大安區,,,新生南路3段16巷1號
2731,臺中市,豐原區,,,圓環東路782號
2867,新北市,鶯歌區,,,文化路200號
2868,高雄市,鳳山區,,,7鄰自強一路119巷75號
2869,桃園市,八德區,,,
2870,高雄市,小港區,,,博學路365號
2871,臺中市,西區,,,林森路33號
2872,新北市,三重區,,,6號堤道口8號堤道口9號堤道口進入
2873,桃園市,八德區,,,
2874,高雄市,前鎮區,,,21鄰新光路61號
2875,苗栗縣,後龍鎮,,,7鄰新港三路295號
2612,臺北市,中山南,,,路21-1號
2613,台北市,萬華區,,,康定路173巷5號
2614,臺北市,迪化街,,,一段21號9樓
2615,台北市,萬華區,,,康定路173巷5號
2616,臺北市,中山南,,,路21-1號
2617,宜蘭市,中山路,,,二段482號
2618,高雄市,鳳山區,,,光遠路161號
2619,桃園市,八德區,,,
2620,桃園市,大溪區,,,員林路一段29巷101號
2621,桃園市,平鎮區,,,
2622,桃園市,中壢區,,,
2623,臺北市,大安區,,,仁愛路三段55號
2624,桃園市,楊梅區,,,
2625,桃園市,楊梅區,,,
2626,新北市,淡水區,,,民生路27號4樓、5樓、6樓
2627,新北市,淡水區,,,民生路27號4樓、5樓、6樓
3007,南投縣,草屯鎮,,,中正路568號
3008,南投縣,草屯鎮,,,虎山路808號
3009,南投縣,南投市,,,
2732,臺中市,豐原區,,,圓環東路782號
2733,新北市,土城區,,,中正路18號7樓
2734,新北市,樹林區,,,樹新路40-7號3-4樓
2735,臺北市,中正區,,,同安街107號
2876,苗栗縣,後龍鎮,,,7鄰新港三路295號
2877,苗栗縣,後龍鎮,,,7鄰新港三路295號
2878,苗栗縣,後龍鎮,,,7鄰新港三路295號
2879,苗栗縣,後龍鎮,,,7鄰新港三路295號
2880,苗栗縣,後龍鎮,,,7鄰新港三路295號
2881,苗栗縣,後龍鎮,,,7鄰新港三路295號
2882,苗栗縣,後龍鎮,,,7鄰新港三路295號
2883,苗栗縣,後龍鎮,,,7鄰新港三路295號
2884,苗栗縣,後龍鎮,,,7鄰新港三路295號
2885,苗栗縣,後龍鎮,,,7鄰新港三路295號
2886,苗栗縣,後龍鎮,,,7鄰新港三路295號
2628,新北市,淡水區,,,中山北路一段158號（水碓活動中心）四樓、六樓、七樓
2629,新北市,淡水區,,,中正東路2段68號
2630,新北市,淡水區,,,文化路65號
2631,新北市,板橋區,,,中正路375巷48號3樓
2632,新北市,板橋區,,,陽明街166號
2633,新北市,板橋區,,,陽明街166號
2634,新北市,三重區,,,溪尾街303號
3010,南投縣,埔里鎮,,,中山路一段435號
3011,南投縣,國姓鄉,,,
3012,南投縣,魚池鄉,,,魚池街441-6號
3013,苗栗縣,苗栗市,,,自治路50號
2736,,,,,
2737,苗栗縣,苗栗市,,,水源里11鄰水流娘8-2號
2738,臺南市,中西區,,,中華西路二段34號
2379,臺中市,清水區,,,忠貞路21號
2380,臺中市,清水區,,,忠貞路21號
2381,臺中市,清水區,,,忠貞路21號
2382,臺中市,清水區,,,忠貞路21號
2383,臺南市,官田區,,,中山路1段129號
2384,臺中市,龍井區,,,
2385,臺中市,東勢區,,,
2506,新北市,樹林區,,,福興街17號2樓
2507,南投縣,南投市,,,中興路669號
2508,南投縣,南投市,,,中興路669號
2509,臺中市,南區,,,五權南路100號
2510,新北市,樹林區,,,福興街17號2樓
2511,臺中市,南區,,,五權南路100號
2512,臺中市,南區,,,五權南路100號
2103,臺北市,士林區,,,文林路751號
2104,新北市,三峽區,,,永安街9巷5號2樓
2105,臺北市,士林區,,,文林路751號
2106,臺北市,南港區,,,研究院路二段130號
2214,高雄市,鳳山區,,,高雄市鳳山區三多一路 1 號
2215,彰化縣,鹿港鎮,,,後車巷7號
2216,高雄市,鳳山區,,,高雄市鳳山區三多一路 1 號
2217,高雄市,鳳山區,,,高雄市鳳山區三多一路 1 號
2218,臺北市,羅斯福,,,路四段一號
2219,,,,,
2220,,,,,
2386,高雄市,前鎮區,,,21鄰新光路61號
2387,臺中市,西區,,,
2388,臺北市,全區域,,,
2389,花蓮縣,花蓮市,,,文復路六號
2390,高雄市,杉林區,,,5鄰山仙路75號
2391,臺南市,歸仁區,,,大德路127號
2392,臺南市,南化區,,,227之1號
2393,臺南市,南化區,,,227之1號
1969,新北市,三重區,,,重安街709號3樓
1970,新北市,三重區,,,仁孝街62號崇德活動中心二樓
1971,臺中市,大甲區,,,
1972,高雄市,苓雅區,,,海邊路15號
1973,臺北市,大同區,,,103長安西路39號
1974,臺北市,中正區,,,中山南路21號
1975,臺北市,中正區,,,中山南路21號
2107,臺北市,信義區,,,仁愛路四段505號
2108,臺北市,中山區,,,
2109,新北市,樹林區,,,中和街38號
2110,新北市,鶯歌區,,,二甲路36-2號
2111,新北市,鶯歌區,,,中山路150號B1至1樓及3至5樓
2221,,,,,
2222,,,,,
2223,臺北市,中正區,,,中山南路21號
2224,臺北市,中山南,,,路21-1號，信義路側
2225,南投縣,南投市,,,建國路135號
2226,臺中市,西屯區,,,惠來路二段101號
2227,臺北市,中山南,,,路21-1號
2228,台北市,中山南,,,路21-1號
2229,臺北市,中山南,,,路21-1號，信義路側
2230,台北市,中山南,,,路21-1號
2231,台北市,中山南,,,路21-1號
2232,台北市,中山南,,,路21-1號
2233,台北市,中山南,,,路21-1號
2234,台北市,北投區,,,學園路1號
2235,臺北市,中山南,,,路21-1號，愛國東路側
2236,高雄市,鳳山區,,,三多一路1號
2237,臺北市,中山南,,,路21-1號，信義路側
2238,高雄市,鳳山區,,,三多一路1號
2239,臺北市,中山南,,,路21-1號，愛國東路側
2394,臺南市,南化區,,,227之1號
2395,臺南市,南化區,,,227之1號
2396,南投縣,國姓鄉,,,
2397,南投縣,國姓鄉,,,
2398,新北市,淡水區,,,中正路一段6巷36號
2399,新北市,淡水區,,,中正路一段6巷36號
1976,臺北市,中正區,,,中山南路21號
1977,臺北市,中正區,,,中山南路21號
1978,臺東縣,臺東市,,,新生路135巷26號
1979,臺北市,中正區,,,襄陽路25號
1980,臺北市,信義區,,,仁愛路4段505號
1981,新北市,永和區,,,文化路192巷4弄2-1號
1982,,,,,
1983,,,,,
2112,新北市,鶯歌區,,,中山路150號B1至1樓及3至5樓
2113,新北市,鶯歌區,,,中山路150號B1至1樓及3至5樓
2114,臺南市,全區域,,,
2115,臺北市,中正區,,,
2116,臺南市,全區域,,,
2117,臺北市,中正區,,,徐州路46號
2240,高雄市,楠梓區,,,德惠路55號3樓
2241,高雄市,美濃區,,,6鄰中正路一段59號
2242,高雄市,大社區,,,7鄰自強街11號
2243,高雄市,三民區,,,002鄰大順二路468號
2244,高雄市,田寮區,,,17鄰崗安路71-1號
2245,高雄市,前金區,,,民生二路37號
2246,高雄市,燕巢區,,,2鄰中民路592號
2247,高雄市,左營區,,,
2248,桃園市,中壢區,,,中美路16號
2249,桃園市,楊梅區,,,
2250,桃園市,大園區,,,
2251,高雄市,苓雅區,,,8鄰青年二路101號4-5樓
2252,高雄市,苓雅區,,,8鄰青年二路101號4-5樓
2400,新北市,淡水區,,,中正路一段6巷36號
2401,新北市,淡水區,,,中正路一段6巷36號
2402,臺南市,安南區,,,長和路一段250號
1984,,,,,
1985,,,,,
1986,,,,,
1987,臺北市,中山南,,,路21-1號
1988,臺北市,中山南,,,路21-1號
1989,宜蘭市,中山路,,,二段482號
1990,員林市,大饒里,,,員林大道二段99號
1991,台北市,中山區,,,林森北路107巷10號 B1
1992,員林市,大饒里,,,員林大道二段99號
1993,員林市,大饒里,,,員林大道二段99號
1994,臺北市,中山南,,,路21-1號，信義路側
1995,屏東市,民生路,,,4-17號
1996,竹北市,縣政九,,,路146號
1997,新竹縣,竹北市,,,縣政九路146號
1998,高雄市,前鎮區,,,中華五路789號
1999,臺中市,西屯區,,,惠來路二段101號
2000,嘉義縣,太保市,,,故宮大道888號
2001,嘉義縣,太保市,,,故宮大道888號
2002,嘉義縣,太保市,,,故宮大道888號
2118,臺北市,中正區,,,中山南路21號
2119,,,,,
2120,臺北市,中山區,,,南京東路二段1號3樓
2121,苗栗市,自治路,,,50號
2122,臺北市,士林區,,,文林路751號
2123,台北市,中山區,,,南京東路二段124號9樓
2124,台北市,中山區,,,南京東路二段124號9樓
2125,臺南市,新營區,,,中正路23號
2126,臺南市,新營區,,,中正路23號
2253,高雄市,鹽埕區,,,
2254,高雄市,鹽埕區,,,019鄰中正四路272號
2255,高雄市,鹽埕區,,,019鄰中正四路272號
2256,高雄市,三民區,,,陽明路300號3樓
2257,臺北市,松山區,,,八德路3段25號
2258,臺北市,松山區,,,八德路3段25號
2259,臺北市,松山區,,,八德路3段25號
2260,臺中市,大里區,,,中興路一段163號
2261,臺中市,大里區,,,德芳路一段229號四、五樓
2262,臺中市,大里區,,,大新街36-1號
2263,臺中市,大里區,,,大新街36-1號
2264,臺中市,大里區,,,德芳路一段229號四、五樓
2403,臺北市,士林區,,,華岡路55號
2404,臺北市,信義路,,,四段88號8樓
2405,臺北市,大同區,,,103長安西路39號
2406,臺北市,中正區,,,中山南路21號
2003,嘉義縣,番路鄉,,,
2004,桃園市,蘆竹區,,,吉林路34、36、38、40、42、44、46號，長春路3巷3號1.2樓、4號1.2樓、5號1.2樓，長春路5巷1號1樓
2005,桃園市,楊梅區,,,
2006,桃園市,楊梅區,,,
2007,高雄市,新興區,,,1鄰中正三路34號3樓
2008,新北市,全區域,,,
2009,雲林縣,臺西鄉,,,
2010,新北市,淡水區,,,文化路65號
2011,新北市,淡水區,,,民生路27號4樓、5樓、6樓
2012,新北市,淡水區,,,中正東路2段68號
2127,臺南市,新營區,,,中正路23號
2128,桃園市,大園區,,,中正西路12之1號4-6樓
2129,桃園市,大園區,,,三和路5號
2130,桃園市,龜山區,,,光峰路43號
2131,桃園市,楊梅區,,,
2132,桃園市,中壢區,,,
2133,臺南市,新營區,,,中正路23號
2134,臺南市,東區,,,中華東路三段332號
2265,臺中市,大里區,,,德芳路一段229號四、五樓
2266,臺中市,大里區,,,中興路一段163號
2267,臺中市,大里區,,,中興路一段163號
2268,臺中市,大里區,,,中興路一段163號
2269,臺中市,大里區,,,大新街36-1號
2270,臺中市,大里區,,,德芳路一段229號四、五樓
2271,臺中市,大里區,,,中興路一段163號
2272,臺中市,大里區,,,中興路一段163號
2273,臺中市,大里區,,,德芳路一段229號四、五樓
2274,臺中市,大里區,,,德芳路一段229號四、五樓
2275,臺中市,大里區,,,大新街36-1號
2276,臺中市,大里區,,,大新街36-1號
2277,臺中市,大里區,,,中興路一段163號
2278,臺中市,大里區,,,大新街36-1號
2279,臺中市,大里區,,,中興路一段163號
2280,臺中市,大里區,,,德芳路一段229號四、五樓
2281,臺中市,大里區,,,中興路一段163號
2407,臺北市,中正區,,,中山南路21號
2408,臺北市,中正區,,,中山南路21號
2409,臺北市,士林區,,,文林路751號
2410,臺北市,士林區,,,文林路751號
2411,臺北市,士林區,,,文林路751號
2412,臺北市,士林區,,,文林路751號
2413,臺北市,士林區,,,文林路751號
2414,臺北市,士林區,,,文林路751號
2013,新北市,淡水區,,,中正東路2段68號
2014,臺中市,清水區,,,忠貞路21號
2015,臺中市,太平區,,,大興路201號
2016,臺中市,太平區,,,大興路201號
2017,臺中市,太平區,,,大興路201號
2018,南投縣,南投市,,,中興路669號
2019,臺北市,大安區,,,仁愛路三段五巷三弄11號
2020,宜蘭縣,員山鄉,,,員山路二段326號
2135,臺中市,西屯區,,,西安街277巷2號
2136,苗栗縣,泰安鄉,,,
2137,苗栗縣,南庄鄉,,,20鄰中正路165號
2138,苗栗縣,三灣鄉,,,親民路17-1號
2139,臺中市,烏日區,,,興祥街121號
2140,臺中市,大甲區,,,雁門路172號
2282,臺中市,大里區,,,中興路一段163號
2283,臺中市,大里區,,,德芳路一段229號四、五樓
2284,臺中市,大里區,,,德芳路一段229號四、五樓
2285,臺中市,大里區,,,大新街36-1號
2286,臺中市,大里區,,,大新街36-1號
2287,臺中市,南屯區,,,
2288,臺中市,西區,,,
2289,臺中市,南區,,,五權南路335號
2290,臺中市,大甲區,,,水源路190號
2291,臺中市,中區,,,成功路300號7樓
2292,臺北市,中山區,,,
2415,臺北市,士林區,,,文林路751號
2416,新竹市,中央路,,,109號
2417,臺南市,中西區,,,忠義路二段1號
2418,,,,,
2419,,,,,
2420,,,,,
2421,,,,,
2422,,,,,
2423,,,,,
2424,台北市,羅斯福,,,路四段92號10樓
2425,屏東市,民生路,,,4-17號
2426,新北市,板橋區,,,莊敬路62號
2427,臺北市,延平南,,,路98號
2428,新北市,蘆洲區,,,中山二路162號2樓
2429,新北市,蘆洲區,,,中山二路162號2樓
2430,臺南市,中西區,,,中正路249號，06-229-5191
2431,高雄市,新興區,,,1鄰中正三路34號3樓
2432,高雄市,左營區,,,2鄰啟文路12號
2021,臺北市,大安區,,,仁愛路三段五巷三弄11號
2022,宜蘭縣,員山鄉,,,員山路二段326號
2023,臺北市,大安區,,,仁愛路三段五巷三弄11號
2141,苗栗縣,三義鄉,,,
2142,臺北市,大同區,,,民族西路141號
2143,臺中市,梧棲區,,,雲集街72號
2144,嘉義縣,大林鎮,,,平和街21之7號
2145,高雄市,鹽埕區,,,019鄰中正四路272號
2146,高雄市,鹽埕區,,,019鄰中正四路272號
2293,臺北市,中正區,,,延平南路98號
2294,臺南市,新營區,,,中正路23號
2295,高雄市,新興區,,,1鄰中正三路34號3樓
2296,臺中市,中區,,,成功路300號7樓
2297,新北市,蘆洲區,,,中山二路162號2樓
2433,新北市,永和區,,,文化路192巷4弄2-1號
2434,新北市,鶯歌區,,,文化路200號
2435,新北市,板橋區,,,貴興路139號
2436,臺北市,文山區,,,景文街32號
2437,桃園市,觀音區,,,觀新路56號
2438,桃園市,觀音區,,,觀新路56號
2439,桃園市,觀音區,,,觀新路56號
2440,桃園市,觀音區,,,
2441,臺中市,大里區,,,中興路一段163號
2442,臺北市,中正區,,,南海路41號
2443,臺中市,南屯區,,,
2444,臺中市,梧棲區,,,雲集街72號
2024,新北市,中和區,,,建一路249號8樓
2025,臺北市,中山南,,,路21-1號
2026,高雄市,鳳山區,,,三多一路1號
2027,南投縣,南投市,,,建國路135號
2028,臺中市,學士路,,,98號
2029,臺南市,東區,,,中華東路3段332號
2030,桃園市,桃園區,,,中正路1188號
2031,臺北市,中山南,,,路21-1號，信義路側
2032,臺南市,安南區,,,安吉路一段205、207號
2033,臺南市,安南區,,,安吉路一段205、207號
2034,臺南市,安南區,,,安吉路一段205、207號
2147,高雄市,鹽埕區,,,019鄰中正四路272號
2148,高雄市,鹽埕區,,,019鄰中正四路272號
2149,高雄市,鹽埕區,,,019鄰中正四路272號
2150,臺南市,中西區,,,永華一街59號
2151,臺北市,台北市,,,中山區明水路471號1樓
2152,臺北市,中正區,,,中山南路21號
2298,新北市,蘆洲區,,,中山二路162號2樓
2299,新北市,淡水區,,,中正路一段6巷36號
2300,新北市,淡水區,,,中正路一段6巷36號
2301,高雄市,林園區,,,林園北路236號
2302,高雄市,茄萣區,,,24鄰濱海路四段31巷1號
2445,臺中市,梧棲區,,,
2446,臺中市,南區,,,
2447,臺北市,萬華區,,,康定路、昆明街之間的廣州街北側，老松國小的南側
2448,臺中市,東勢區,,,豐勢路518號
2449,臺中市,東勢區,,,豐勢路518號
2450,花蓮縣,花蓮市,,,文復路六號
2451,臺中市,清水區,,,鎮政路50號
2452,花蓮縣,花蓮市,,,文復路六號
2035,臺中市,清水區,,,忠貞路21號
2036,桃園市,大溪區,,,員林路一段29巷101號
2037,桃園市,大溪區,,,員林路一段29巷101號
2038,桃園市,大溪區,,,員林路一段29巷101號
2039,臺北市,士林區,,,文林路751號
2153,臺北市,信義區,,,仁愛路4段505號
2154,,,,,
2155,金門縣,金城鎮,,,90號
2156,高雄市,小港區,,,學府路115號
2157,宜蘭市,中山路,,,二段482號
2158,桃園市,桃園區,,,縣府路21號
2159,台中市,霧峰區,,,民生路26號
2160,臺中市,北區,,,學士路98號
2161,臺南市,安南區,,,安吉路一段205、207號
2162,臺南市,東區,,,裕信路237號
2163,桃園市,中壢區,,,中大路300號
2303,新北市,淡水區,,,中正路一段6巷36號
2304,新北市,淡水區,,,中正路一段6巷36號
2305,新北市,淡水區,,,中正路一段6巷36號
2306,高雄市,茄萣區,,,24鄰濱海路四段31巷1號
2307,高雄市,左營區,,,博愛三路453號
2308,高雄市,左營區,,,博愛三路453號
2453,臺中市,清水區,,,鎮政路50號
2454,臺中市,豐原區,,,市政路2號
2455,花蓮縣,花蓮市,,,文復路六號
2456,新北市,鶯歌區,,,文化路200號
2457,高雄市,岡山區,,,公園路2-1號
2458,高雄市,岡山區,,,公園路2-1號
2459,高雄市,岡山區,,,公園路2-1號
2460,高雄市,岡山區,,,公園路2-1號
2461,高雄市,岡山區,,,公園路2-1號
2040,臺北市,士林區,,,文林路751號
2041,臺南市,安南區,,,安中路二段 301號3樓
2042,臺南市,安南區,,,安中路二段 301號3樓
2043,臺南市,安南區,,,城安路85號
2044,臺南市,安南區,,,城安路85號
2045,臺中市,大安區,,,興安路378號
2046,臺中市,北屯區,,,
2047,臺中市,大安區,,,興安路378號
2164,臺北市,中山區,,,
2165,花蓮縣,光復鄉,,,
2166,花蓮縣,壽豐鄉,,,
2167,花蓮縣,花蓮市,,,建國路8號
2168,花蓮縣,花蓮市,,,建國路8號
2169,花蓮縣,花蓮市,,,光復街130號2樓
2309,高雄市,左營區,,,博愛三路453號
2310,臺中市,西區,,,英才路600號
2311,高雄市,三民區,,,九如一路588號
2312,臺北市,中山南,,,路21-1號
2313,台南市,中華東,,,路3段332號
2314,南投縣,水里鄉,,,
2315,南投縣,魚池鄉,,,中山路
2316,桃園市,中壢區,,,、平鎮區
2317,臺北市,延平南,,,路98號
2462,臺中市,沙鹿區,,,
2463,高雄市,前鎮區,,,8鄰新衙路17號
2464,高雄市,左營區,,,2鄰啟文路12號
2465,高雄市,楠梓區,,,楠梓路262號
2466,臺北市,台北市,,,松山區復興北路99號2樓
2048,新北市,土城區,,,中州路28巷30號4樓
2049,新北市,土城區,,,中央路4段283-1號4樓
2050,新北市,樹林區,,,佳園路三段128號二樓
2051,新北市,三峽區,,,學成路396號3-4樓
2052,新北市,三峽區,,,永安街9巷5號2樓
2170,花蓮縣,花蓮市,,,光復街130號2樓
2171,臺南市,安平區,,,育平路320號
2172,臺南市,新營區,,,45之8號
2173,臺中市,西屯區,,,臺灣大道三段99號
2174,嘉義縣,民雄鄉,,,建國路二段265號
2175,嘉義縣,民雄鄉,,,7鄰大學路一段168號
2176,高雄市,鳳山區,,,高雄市鳳山區三多一路 1 號
2318,新北市,網路徵,,,文活動
2319,台北市,士林區,,,士商路189號
2320,新北市,樹林區,,,樹新路40-8號
2321,桃園市,桃園區,,,中正路1188號
2322,桃園市,桃園區,,,中正路1188號
2323,臺北市,士林區,,,文林路751號
2324,基隆市,仁愛區,,,忠三路75號
2325,臺北市,中山南,,,路21-1號，信義路側
2326,臺北市,中山南,,,路21-1號
2327,宜蘭縣,蘇澳鎮,,,利工一路一段6號
2328,高雄市,三民區,,,陽明路300號3樓
2329,高雄市,仁武區,,,005鄰澄仁路200號
2330,高雄市,鹽埕區,,,8鄰大勇路1號
2331,臺中市,大里區,,,
2332,臺中市,龍井區,,,觀光路2號
2333,臺中市,龍井區,,,觀光路2號
2467,新竹市,東區,,,忠孝路80號
2468,高雄市, 80,,,3鹽埕區大勇路1號
2469,,,,,
2470,臺北市,中正區,,,中山南路21號
2471,竹北市,縣政九,,,路146號.
2053,新北市,土城區,,,中州路28巷30號4樓
2054,新北市,永和區,,,國光路2號
2055,新北市,永和區,,,民權路60號7、8樓
2056,新北市,永和區,,,保安路132號2樓
2057,新北市,三峽區,,,學成路396號3-4樓
2058,新北市,永和區,,,民權路60號7、8樓
2059,新北市,永和區,,,國光路2號
2177,高雄市,鳳山區,,,高雄市鳳山區三多一路 1 號
2178,苗栗縣,竹南鎮,,,公園路206號
2179,新北市,蘆洲區,,,三民路178號
2180,臺北市,北投區,,,學園路1號
2334,臺中市,太平區,,,中山路一段213號
2335,臺中市,梧棲區,,,
2336,新北市,五股區,,,工商路1號3樓
2337,新北市,五股區,,,西雲路165號四、五、六樓
2338,新北市,五股區,,,明德路10號4樓
2339,新北市,五股區,,,西雲路267號2樓
2340,新北市,五股區,,,更洲路47號3樓
2341,臺中市,西區,,,精誠路256號
2342,臺中市,后里區,,,文化路28號
2343,新北市,八里區,,,舊城路19號5、6樓
2472,臺南市,東區,,,中華東路3段332號
2473,臺中市,清水區,,,忠貞路21號
2474,臺中市,清水區,,,忠貞路21號
2475,台北市,中山南,,,路21-1號
2476,台北市,大安區,,,建國南路一段177號
2477,高雄市,苓雅區,,,五福一路67號
2478,高雄市,苓雅區,,,五福一路67號
2479,高雄市,苓雅區,,,五福一路67號
2480,高雄市,三民區,,,陽明路300號3樓
2481,高雄市,三民區,,,002鄰大順二路468號
2482,桃園市,中壢區,,,
2483,高雄市,苓雅區,,,8鄰青年二路101號4-5樓
2484,桃園市,大溪區,,,
2485,桃園市,大溪區,,,
2486,新北市,淡水區,,,中正路259 號
2060,新北市,永和區,,,民權路60號7、8樓
2061,臺中市,西區,,,英才路600號
2062,臺中市,大安區,,,興安路378號
2063,臺中市,大安區,,,興安路378號
2064,臺南市,全區域,,,
2065,臺南市,全區域,,,
2066,臺南市,東區,,,北門路二段4號
2067,臺南市,東區,,,北門路二段4號
2068,臺北市,中正區,,,南昌路一段1號
2069,臺南市,安南區,,,安吉路一段205、207號
2070,臺南市,下營區,,,文化街117號
2181,臺北市,中正區,,,中山南路21號
2182,,,,,
2183,,,,,
2184,,,,,
2185,,,,,
2186,,,,,
2187,臺北市,延平南,,,路98號
2188,宜蘭市,中山路,,,二段482號
2189,高雄市,小港區,,,學府路115號
2190,桃園市,桃園區,,,中正路208號
2191,桃園市,平鎮區,,,
2192,桃園市,龍潭區,,,中正路三林段500號
2193,桃園市,中壢區,,,
2194,桃園市,龍潭區,,,東龍路246號
2195,桃園市,八德區,,,興豐路264號
2344,新北市,八里區,,,舊城路19號5、6樓
2345,高雄市,林園區,,,林園北路236號
2346,臺中市,龍井區,,,中央路一段167號
2347,新北市,石碇區,,,碇坪路一段65號
2348,高雄市,鳳山區,,,6鄰曹公路23號
2349,新北市,石碇區,,,碇坪路一段65號
2350,臺南市,新市區,,,中心路8號
2351,臺南市,新市區,,,中心路8號
2352,臺南市,仁德區,,,文華路二段66號
2487,臺中市,北區,,,
2488,高雄市,杉林區,,,
2489,臺北市,士林區,,,陽明山華岡路55號
2490,臺北市,大同區,,,長安西路39號
2491,高雄市,楠梓區,,,楠梓路262號
2071,臺南市,中西區,,,臺南市中西區南門路 37 號
2072,南投縣,國姓鄉,,,
2073,南投縣,國姓鄉,,,
2074,南投縣,南投市,,,中興新村光華路 123 號
2075,南投縣,南投市,,,中興新村光華路 123 號
2076,南投縣,竹山鎮,,,大勇路 26 號
2077,南投縣,竹山鎮,,,大勇路 26 號
2078,南投縣,草屯鎮,,,健行路150巷26號
2196,桃園市,楊梅區,,,
2197,臺中市,沙鹿區,,,
2198,臺中市,豐原區,,,市政路2號
2199,臺中市,豐原區,,,市政路2號
2200,臺中市,豐原區,,,臺中市豐原區水源路17巷2號
2201,臺中市,全區域,,,
2202,新北市,三重區,,,五華街7巷30號公遊(二)公園內
2203,新北市,三重區,,,溪尾街303號
2204,新北市,蘆洲區,,,集賢路221巷11號2樓~3樓
2353,臺南市,仁德區,,,文華路二段66號
2354,高雄市,復興三,,,路5號
2355,臺北市,萬華區,,,康定路173巷23號
2356,臺北市,中正區,,,中山南路21號
2492,高雄市,三民區,,,
2493,臺北市,松山區,,,
2494,臺南市,山上區,,,53號
2495,高雄市,大樹區,,,25鄰久堂路97-1號
2079,新竹市,新竹市,,,東區大學路1001號浩然圖書館B1
2080,花蓮市,文復路,,,4號
2081,臺北市,中正區,,,中山南路21號
2082,臺北市,中正區,,,中山南路21號
2083,,,,,
2084,花蓮市,文復路,,,6號
2085,新北市,板橋區,,,莊敬路62號
2086,臺中市,學士路,,,98號
2087,臺北市,士林區,,,文林路751號
2088,臺北市,中山南,,,路21-1號
2205,新北市,蘆洲區,,,集賢路221巷11號2樓~3樓
2206,新北市,蘆洲區,,,集賢路221巷11號2樓~3樓
2207,苗栗縣,竹南鎮,,,公園路206號
2208,苗栗縣,竹南鎮,,,公園路206號
2209,苗栗縣,竹南鎮,,,公園路206號
2357,臺北市,士林區,,,文林路751號
2358,臺中市,西區,,,五權西路一段2號
2359,臺北市,中正區,,,中山南路1號
2360,高雄市,鳳山區,,,三多一路1號
2496,高雄市,茄萣區,,,
2497,臺北市,信義區,,,松仁路3號
2498,臺中市,大肚區,,,大德六街 30 號
2499,臺中市,大肚區,,,大德六街 30 號
2500,臺中市,大肚區,,,大德六街 30 號
2501,臺北市,士林區,,,外雙溪至善路2段221號
2502,臺中市,西區,,,英才路600號
2503,高雄市,左營區,,,2鄰啟文路12號
2504,臺中市,南屯區,,,博愛街97號
2505,南投縣,南投市,,,中興路669號
2089,桃園市,楊梅區,,,
2090,桃園市,楊梅區,,,
2091,桃園市,楊梅區,,,
2092,桃園市,楊梅區,,,
2093,桃園市,楊梅區,,,
2094,桃園市,楊梅區,,,
2095,桃園市,楊梅區,,,
2096,桃園市,楊梅區,,,
2097,桃園市,楊梅區,,,
2098,桃園市,大園區,,,中正西路12之1號4-6樓
2099,桃園市,新屋區,,,
2100,桃園市,新屋區,,,
2101,桃園市,新屋區,,,
2102,高雄市,鹽埕區,,,019鄰中正四路272號
2210,高雄市,左營區,,,029鄰博愛二路757號
2211,高雄市,鳳山區,,,高雄市鳳山區三多一路 1 號
2212,高雄市,鳳山區,,,高雄市鳳山區三多一路 1 號
2213,高雄市,鳳山區,,,高雄市鳳山區三多一路 1 號
2361,臺北市,中山南,,,路21-1號
2362,台北市,中山南,,,路21-1號
2363,台南市,中華東,,,路3段332號
2364,桃園市,桃園區,,,縣府路21號
2365,臺南市,中西區,,,國華街三段123號
2366,嘉義市,忠孝路,,,275號
2367,臺中市,太平區,,,大興路201號
2368,台南市,仁德區,,,文華路二段66號
2369,臺中市,西屯區,,,惠來路二段101號
2370,員林市,大饒里,,,員林大道二段99號
2371,臺南市,安平區,,,光州路3號
2372,高雄市,三民區,,,陽明路300號3樓
2373,高雄市,小港區,,,博學路365號
2374,高雄市,大樹區,,,25鄰久堂路97-1號
2375,高雄市,彌陀區,,,14鄰四維路一之一號
2376,高雄市,大寮區,,,16鄰進學路133號
2377,高雄市,小港區,,,博學路365號
2378,臺中市,北屯區,,,興安路一段162號
3647,南投縣,南投市,,,南崗一路300號
3648,南投縣,草屯鎮,,,中正路573號
3649,南投縣,草屯鎮,,,中正路573號
3650,南投縣,草屯鎮,,,中正路573號
3651,南投縣,草屯鎮,,,中正路573號
3652,南投縣,草屯鎮,,,中正路573號
3653,南投縣,草屯鎮,,,中正路573號
3654,南投縣,草屯鎮,,,中正路573號
3655,南投縣,草屯鎮,,,中正路573號
4002,高雄市,前金區,,,24鄰民生二路39號
4003,臺南市,中西區,,,中正路1號
4004,高雄市,林園區,,,林園北路236號
4005,臺北市,北投區,,,學園路1號
3764,臺南市,北區,,,公園北路3號
3765,苗栗縣,苗栗市,,,自治路50號
3766,臺南市,中西區,,,民權路2段30號
3767,臺南市,中西區,,,民權路2段30號
3768,苗栗縣,苗栗市,,,自治路50號
3862,臺南市,新化區,,,和平街53號
3863,臺南市,楠西區,,,
3864,高雄市,前鎮區,,,保泰路303號4樓
3865,高雄市,永安區,,,005鄰永華路49號
3866,臺南市,新營區,,,中正路23號
3867,高雄市,永安區,,,005鄰永華路49號
3868,高雄市,三民區,,,陽明路300號3樓
3869,高雄市,內門區,,,4鄰中正路115巷18-1號
3870,臺南市,中西區,,,臺南市中西區開山路1號
3871,臺南市,東區,,,中華東路三段332號
3872,高雄市,鼓山區,,,4鄰鼓山三路19-3號
3873,臺南市,楠西區,,,
3874,臺南市,東區,,,中華東路三段332號
3875,臺南市,東區,,,中華東路三段332號
3876,臺南市,東區,,,中華東路三段332號
3877,臺南市,東區,,,中華東路三段332號
3878,高雄市,湖內區,,,3鄰保生路101號
3879,高雄市,湖內區,,,3鄰保生路101號
3880,高雄市,鳳山區,,,7鄰自強一路119巷75號
4006,臺南市,東區,,,中華東路三段
4007,南投縣,南投市,,,中興新村光華路 123 號
4008,南投縣,南投市,,,中興新村光華路 123 號
4009,南投縣,草屯鎮,,,草鞋墩一街8號
4010,南投縣,草屯鎮,,,草鞋墩一街8號
4011,臺南市,中西區,,,中正路1號
4012,南投縣,草屯鎮,,,草鞋墩一街8號
3769,臺北市,大同區,,,
3770,苗栗縣,苗栗市,,,自治路50號
3771,苗栗縣,銅鑼鄉,,,銅科南路6號
3772,新北市,三芝區,,,淡金路1段37號
3773,新北市,三重區,,,溪尾街303號
3528,臺北市,77 ,,,O.M.G.Space 3F
3529,新竹市,工業東,,,二路1號3樓
3530,台北市,松山區,,,南京東路四段2號
3531,,,,,
3532,新竹縣,竹北市,,,縣政九路146號
3881,高雄市,苓雅區,,,
3882,臺南市,新營區,,,中正路23號
3883,臺南市,鹽水區,,,過港路21號
3884,臺南市,東區,,,中華東路三段332號
3885,臺南市,東區,,,中華東路三段332號
3886,臺中市,神岡區,,,中山路1460號
3887,臺中市,潭子區,,,中山路二段399號
3888,臺中市,潭子區,,,中山路二段399號
3889,臺中市,潭子區,,,中山路二段399號
3890,臺中市,潭子區,,,中山路二段399號
3891,臺中市,潭子區,,,中山路二段399號
3892,臺南市,中西區,,,南門路2號
3893,臺南市,中西區,,,南門路2號
3656,南投縣,草屯鎮,,,中正路573號
3657,南投縣,草屯鎮,,,中正路573號
3658,臺南市,中西區,,,民權路二段30號
3659,新北市,深坑區,,,深坑街10號1樓
3660,臺南市,中西區,,,南門路2號
3661,臺南市,中西區,,,南門路2號
3662,臺南市,中西區,,,南門路2號
3663,臺南市,中西區,,,南門路2號
3664,臺南市,安平區,,,國勝路82號
3665,臺南市,安平區,,,國勝路82號
3666,臺南市,安平區,,,國勝路82號
3774,新北市,三重區,,,溪尾街303號
3775,新北市,三重區,,,五華街7巷30號公遊(二)公園內
3776,臺中市,霧峰區,,,中正路738之2號
3777,臺中市,西屯區,,,惠來路二段101號
3778,臺南市,東區,,,中華東路三段332號
3533,臺中市,霧峰區,,,台中市霧峰區中正路738之2號
3534,,,,,
3535,ibi,tio,,,n Hall (Peinan Site Park)
3894,臺南市,中西區,,,南門路2號
3895,臺南市,中西區,,,南門路2號
3896,臺南市,安平區,,,國勝路82號
3897,臺南市,安平區,,,國勝路82號
3898,臺南市,安平區,,,國勝路82號
3899,臺南市,安平區,,,國勝路82號
3900,臺中市,清水區,,,
3901,臺中市,大甲區,,,
3902,臺中市,外埔區,,,甲后路三段1060號
3903,臺中市,外埔區,,,甲后路三段1060號
3904,臺中市,外埔區,,,甲后路三段1060號
3905,臺中市,豐原區,,,圓環東路782號
3906,臺中市,豐原區,,,圓環東路782號
3667,臺中市,西區,,,五權西路一段2號
3668,臺中市,西區,,,五權西路一段2號
3669,臺中市,西區,,,五權西路一段2號
3670,臺中市,西區,,,五權西路一段2號
3671,臺中市,西區,,,五權西路一段2號
3779,臺中市,北區,,,學士路98號
3780,臺中市,霧峰區,,,中正路738之2號
3781,臺中市,霧峰區,,,中正路738之2號
3536,臺南市,中西區,,,台南市中西區中正路1號
3537,臺北市,信義區,,,仁愛路4段505號
3538,臺北市,信義區,,,仁愛路4段505號
3539,臺北市,信義區,,,仁愛路4段505號
3540,臺北市,信義區,,,仁愛路4段505號
3541,臺南市,東區,,,中華東路3段332號
3542,台北市,信義區,,,菸廠路88號B1
3543,新北市,樹林區,,,樹新路40-8號
3544,高雄市,鳳山區,,,光遠路161號
3545,台北市,信義區,,,菸廠路88號B1
3546,高雄市,鹽埕區,,,大勇路1號 駁二大勇區P3倉庫
3547,高雄市,鹽埕區,,,大義街駁二大義區C9倉庫
3548,高雄市,鹽埕區,,,大義街駁二大義區C9倉庫
3549,高雄市,鹽埕區,,,大義街駁二大義區C9倉庫
3550,高雄市,鹽埕區,,,大勇路1號 駁二大勇區P3倉庫
3551,高雄市,鹽埕區,,,大勇路1號 駁二大勇區P3倉庫
3552,依影片,放映場,,,地
3553,高雄市,鹽埕區,,,河西路10號
3907,臺中市,豐原區,,,圓環東路782號
3908,臺中市,豐原區,,,圓環東路782號
3909,新北市,三芝區,,,淡金路1段37號
3910,新北市,三重區,,,溪尾街303號
3911,臺中市,西區,,,英才路600號
3912,臺中市,西區,,,英才路600號
3913,臺中市,清水區,,,
3672,臺中市,西區,,,五權西路一段2號
3673,臺北市,大同區,,,
3674,臺中市,西區,,,五權西路一段2號
3675,臺中市,西區,,,五權西路一段2號
3782,臺中市,霧峰區,,,中正路738之2號
3783,臺中市,霧峰區,,,中正路738之2號
3784,臺中市,霧峰區,,,中正路738之2號
3785,臺南市,東區,,,中華東路三段332號
3554,高雄市,鹽埕區,,,河西路10號
3555,高雄市,鹽埕區,,,河西路10號
3556,高雄市,前鎮區,,,忠勤路8號
3557,高雄市,前鎮區,,,新光路61號
3558,高雄市,鹽埕區,,,河西路10號
3559,高雄市,前鎮區,,,新光路61號
3560,高雄市,前鎮區,,,忠勤路8號
3561,高雄市,前鎮區,,,忠勤路8號
3562,高雄市,前鎮區,,,新光路61號
3563,高雄市,前鎮區,,,忠勤路8號
3564,高雄市,前鎮區,,,新光路61號
3565,高雄市,前鎮區,,,新光路61號
3566,高雄市,鹽埕區,,,河西路10號
3567,高雄市,鹽埕區,,,河西路10號
3568,高雄市,左營區,,,2鄰啟文路12號
3569,高雄市,三民區,,,2鄰十全一路220號
3570,臺南市,新市區,,,民族路192號
3571,臺南市,新市區,,,民族路192號
3572,高雄市,鹽埕區,,,1鄰大仁路179號5樓、6樓
3914,臺中市,西區,,,英才路600號
3915,臺中市,西區,,,英才路600號
3916,臺中市,西區,,,英才路600號
3917,臺中市,西區,,,英才路600號
3918,臺中市,豐原區,,,圓環東路782號
3919,新北市,蘆洲區,,,集賢路245號
3920,臺中市,西區,,,英才路600號
3676,臺中市,西區,,,五權西路一段2號
3677,臺中市,西區,,,五權西路一段2號
3678,屏東縣,屏東市,,,中正路74號
3679,屏東縣,屏東市,,,中正路74號
3786,臺中市,霧峰區,,,中正路738之2號
3787,臺南市,東區,,,中華東路三段332號
3788,臺南市,東區,,,中華東路三段332號
3789,高雄市,大樹區,,,
3790,臺南市,東區,,,中華東路三段332號
3791,臺南市,東區,,,中華東路三段332號
3573,高雄市,苓雅區,,,001鄰五福一路67號
3574,臺南市,東區,,,裕信路237號
3575,臺南市,東區,,,裕信路237號
3576,高雄市,苓雅區,,,001鄰五福一路67號
3577,臺南市,麻豆區,,,總爺5號
3578,高雄市,苓雅區,,,001鄰五福一路67號
3579,臺南市,安南區,,,安吉路一段205、207號
3580,桃園市,龍潭區,,,中正路210號
3581,桃園市,龍潭區,,,中正路210號
3582,桃園市,龍潭區,,,中正路210號
3583,桃園市,龍潭區,,,中正路210號
3584,桃園市,中壢區,,,環北路380號
3921,臺中市,西區,,,英才路600號
3922,新北市,蘆洲區,,,集賢路245號
3923,臺中市,西區,,,英才路600號
3924,臺中市,西區,,,英才路600號
3925,高雄市,大樹區,,,
3926,高雄市,旗山區,,,大德里6鄰中學路42號
3927,臺南市,東區,,,中華東路三段332號
3928,高雄市,美濃區,,,
3929,臺南市,東區,,,中華東路三段332號
3930,臺南市,東區,,,中華東路三段332號
3680,新竹市,香山區,,,中華路五段413巷1號（香山車站前）
3681,花蓮市,文復路,,,6號
3682,臺北市,中正區,,,中山南路21號
3683,宜蘭縣,頭城鎮,,,和平街105號
3684,臺北市,信義區,,,仁愛路4段505號
3685,臺北市,信義區,,,仁愛路4段505號
3686,臺北市,信義區,,,仁愛路4段505號
3792,臺中市,西屯區,,,惠來路二段101號
3793,臺中市,西屯區,,,惠來路二段101號
3794,臺南市,東區,,,中華東路三段332號
3795,臺中市,西屯區,,,惠來路二段101號
3796,臺中市,西屯區,,,惠來路二段101號
3797,臺中市,西屯區,,,惠來路二段101號
3798,臺中市,西屯區,,,惠來路二段101號
3799,臺中市,西屯區,,,惠來路二段101號
3585,桃園市,桃園區,,,埔新路12號
3586,桃園市,龜山區,,,
3587,桃園市,中壢區,,,馬祖新村11~20號
3588,桃園市,龜山區,,,復興一路8號3樓
3589,桃園市,龜山區,,,復興一路8號3樓
3590,桃園市,龜山區,,,復興一路8號3樓
3591,桃園市,龜山區,,,復興一路8號3樓
3592,桃園市,龜山區,,,復興一路8號3樓
3593,桃園市,新屋區,,,中興路91巷11號
3931,新北市,新莊區,,,
3932,新北市,蘆洲區,,,集賢路221巷11號2樓~3樓
3933,新北市,蘆洲區,,,集賢路221巷11號2樓~3樓
3934,新北市,蘆洲區,,,集賢路221巷11號2樓~3樓
3935,新北市,蘆洲區,,,集賢路221巷11號2樓~3樓
3687,臺北市,信義區,,,仁愛路4段505號
3688,臺北市,信義區,,,仁愛路4段505號
3689,臺北市,信義區,,,仁愛路4段505號
3690,臺北市,信義區,,,仁愛路4段505號
3691,臺北市,信義區,,,仁愛路4段505號
3692,臺北市,信義區,,,仁愛路4段505號
3693,臺北市,信義區,,,仁愛路4段505號
3694,臺北市,信義區,,,仁愛路4段505號
3800,臺中市,西屯區,,,惠來路二段101號
3801,臺中市,西屯區,,,惠來路二段101號
3802,臺南市,安平區,,,
3803,臺南市,鹽水區,,,
3804,臺南市,鹽水區,,,
3805,臺中市,南區,,,五權南路100號
3806,臺中市,南區,,,五權南路100號
3594,桃園市,新屋區,,,中興路91巷11號
3595,臺南市,關廟區,,,文化街1號
3596,高雄市,前鎮區,,,保泰路303號4樓
3597,臺南市,左鎮區,,,61-1號
3598,臺南市,麻豆區,,,興國路11號3&4F
3599,臺南市,北門區,,,港北49號
3600,臺南市,北門區,,,港北49號
3936,高雄市,大社區,,,7鄰自強街11號
3937,新北市,永和區,,,國光路2號
3938,新北市,永和區,,,民權路60號7、8樓
3939,新北市,永和區,,,民權路60號7、8樓
3940,新北市,永和區,,,保安路132號2樓
3941,新北市,永和區,,,國光路2號
3942,新北市,永和區,,,民權路60號7、8樓
3943,臺南市,中西區,,,南門路與樹林街交叉路口
3944,新北市,永和區,,,保安路132號2樓
3695,臺北市,信義區,,,仁愛路4段505號
3696,臺北市,信義區,,,仁愛路4段505號
3697,臺北市,中山南,,,路21-1號
3698,臺中市,西屯區,,,惠來路二段101號
3699,臺北市,中山南,,,路21-1號
3700,臺北市,中山南,,,路21-1號
3701,臺北市,牯嶺街,,,5巷2號
3702,新北市,淡水區,,,中正路298號3樓，淡水老街尾
3703,台北市,林森北,,,路107巷10號B1
3704,臺北市,中山南,,,路21-1號，信義路側
3705,臺北市,中山南,,,路21-1號，信義路側
3706,臺北市,中山南,,,路21-1號，信義路側
3707,宜蘭縣,大同鄉,,,英士村明池山莊1號
3708,高雄市,鳳山區,,,光遠路161號
3709,高雄市,大社區,,,7鄰自強街11號
3710,臺南市,楠西區,,,中正路309號
3711,臺南市,仁德區,,,
3807,連江縣,北竿鄉,,,
3808,臺中市,南區,,,五權南路100號
3809,臺中市,南區,,,五權南路100號
3810,臺中市,南區,,,五權南路100號
3811,臺中市,南區,,,五權南路100號
3601,高雄市,鼓山區,,,4鄰鼓山三路19-3號
3602,桃園市,龜山區,,,
3603,臺南市,東區,,,中華東路三段332號
3604,臺南市,東區,,,中華東路三段332號
3605,臺南市,東區,,,中華東路三段332號
3606,臺南市,中西區,,,中華西路二段34號
3607,高雄市,小港區,,,博學路365號
3608,新北市,新莊區,,,西盛街216號
3945,臺南市,中西區,,,南門路與樹林街交叉路口
3946,臺南市,中西區,,,南門路與樹林街交叉路口
3947,臺南市,中西區,,,南門路與樹林街交叉路口
3948,臺南市,中西區,,,南門路與樹林街交叉路口
3949,臺南市,中西區,,,南門路與樹林街交叉路口
3950,臺南市,中西區,,,南門路與樹林街交叉路口
3951,臺南市,中西區,,,南門路與樹林街交叉路口
3952,臺南市,中西區,,,南門路與樹林街交叉路口
3712,新竹市,東區,,,中央路241號6樓
3713,臺南市,鹽水區,,,過港路21號
3714,高雄市,前金區,,,民生二路37號
3715,臺南市,北區,,,公園北路3號
3716,臺南市,北區,,,公園北路3號
3717,高雄市,路竹區,,,24鄰國昌路86巷9號
3718,臺南市,安南區,,,安吉路一段205、207號
3719,高雄市,林園區,,,林園北路236號
3720,高雄市,林園區,,,中芸里西溪路56~20號
3721,高雄市,前金區,,,民生二路37號
3722,臺南市,關廟區,,,文化街1號
3723,臺南市,關廟區,,,文化街1號
3812,臺南市,鹽水區,,,
3813,屏東縣,屏東市,,,青島街106號
3814,屏東縣,屏東市,,,豐榮街50巷7號
3815,臺北市,內湖區,,,內湖路一段594號
3816,新北市,中和區,,,中正路764號7樓
3817,臺北市,（近辛,,,亥路三段與復興南路二段交會處）
3818,臺北市,羅斯福,,,路四段一號
3609,新北市,新莊區,,,建中街116巷3弄2號
3610,新北市,新莊區,,,建中街116巷3弄2號
3611,新北市,新莊區,,,新莊路527號
3612,新北市,新莊區,,,中信街74號
3613,新北市,新莊區,,,中信街74號
3614,新北市,新莊區,,,四維路186巷2號
3615,新北市,新莊區,,,建安街26巷4號
3616,新北市,新莊區,,,
3617,臺南市,安平區,,,育平路320號
3618,桃園市,中壢區,,,環北路380號
3619,臺中市,豐原區,,,臺中市豐原區水源路17巷2號
3620,高雄市,鹽埕區,,,019鄰中正四路272號
3953,臺南市,中西區,,,南門路與樹林街交叉路口
3954,臺南市,中西區,,,南門路與樹林街交叉路口
3955,臺南市,中西區,,,南門路與樹林街交叉路口
3956,臺南市,中西區,,,南門路與樹林街交叉路口
3957,臺南市,中西區,,,南門路與樹林街交叉路口
3958,高雄市,湖內區,,,3鄰保生路101號
3959,臺中市,新社區,,,社街四段1巷1號
3960,臺南市,永康區,,,永大二路88號
3961,新北市,板橋區,,,貴興路139號
3724,臺南市,關廟區,,,文化街1號
3725,高雄市,美濃區,,,6鄰中正路一段59號
3726,高雄市,左營區,,,博愛三路453號
3727,臺南市,歸仁區,,,文化街2段16號
3728,新竹市,北區,,,西門街258號
3729,臺南市,中西區,,,中正路1-1號
3730,高雄市,永安區,,,005鄰永華路49號
3731,高雄市,鼓山區,,,4鄰鼓山三路19-3號
3819,臺北市,大安區,,,新生南路三段94號B1
3820,,,,,
3821,,,,,
3822,,,,,
3823,臺北市,中正區,,,中山南路21號
3621,新北市,石碇區,,,碇坪路一段65號
3622,新北市,萬里區,,,瑪鍊路２２１號４樓
3623,新北市,雙溪區,,,太平路50號3樓
3624,臺中市,清水區,,,忠貞路21號
3625,臺南市,新營區,,,中正路23號
3626,臺中市,北區,,,
3627,高雄市,美濃區,,,6鄰中正路一段59號
3962,臺中市,神岡區,,,中山路1460號
3963,臺中市,神岡區,,,中山路1460號
3964,臺中市,神岡區,,,中山路1460號
3965,臺中市,神岡區,,,中山路1460號
3966,臺中市,神岡區,,,中山路1460號
3967,臺北市,全區域,,,
3968,臺中市,神岡區,,,中山路1460號
3969,臺中市,神岡區,,,中山路1460號
3970,臺北市,中正區,,,八德路一段1號
3971,臺北市,中正區,,,八德路一段1號
3972,臺中市,大雅區,,,
3973,臺北市,中正區,,,八德路一段1號
3732,臺南市,將軍區,,,180-50號
3733,臺南市,下營區,,,文化街117號
3734,臺南市,東區,,,中華東路三段332號
3735,高雄市,苓雅區,,,8鄰青年二路101號4-5樓
3736,高雄市,燕巢區,,,2鄰中民路592號
3737,高雄市,湖內區,,,3鄰保生路101號
3738,苗栗縣,卓蘭鎮,,,
3739,新北市,新莊區,,,西盛街216號
3740,臺南市,新營區,,,中正路23號
3741,臺南市,新營區,,,中正路23號
3824,,,,,
3825,臺東縣,臺東市,,,台東市大同路254號
3826,臺中市,西區,,,五權西路一段2號
3827,臺中市,西區,,,五權西路一段2號
3828,新竹縣,竹北市,,,縣政九路146號
3829,台北市,中山南,,,路21-1號
3830,嘉義市,忠孝路,,,275號
3831,高雄市,鳳山區,,,三多一路1號
3832,台北市,中正區,,,八德路一段1號
3833,彰化縣,員林市,,,員林大道二段99號
3834,高雄市,苓雅區,,,五福一路67號
3835,高雄市,左營區,,,2鄰啟文路12號
3836,臺南市,新營區,,,中正路23號
3628,臺中市,北區,,,
3629,臺中市,清水區,,,忠貞路21號
3630,臺中市,豐原區,,,圓環東路782號
3631,臺中市,豐原區,,,圓環東路782號
3632,臺中市,清水區,,,忠貞路21號
3633,臺中市,豐原區,,,圓環東路782號
3634,臺中市,全區域,,,
3974,臺北市,中正區,,,八德路一段1號
3975,新北市,三重區,,,重新路一段108號3樓
3976,,,,,
3977,新竹縣,竹北市,,,縣政九路146號
3978,新竹縣,竹北市,,,縣政九路146號
3979,新竹縣,竹北市,,,縣政九路146號
3980,新竹縣,竹北市,,,縣政九路146號
3981,新竹縣,竹北市,,,縣政九路146號
3742,臺南市,新營區,,,中正路23號
3743,臺南市,新營區,,,中正路23號
3744,臺南市,新營區,,,中正路23號
3745,臺南市,楠西區,,,
3746,新北市,板橋區,,,陽明街166號
3747,新北市,深坑區,,,深坑街10號1樓
3748,臺南市,中西區,,,南門路2號
3749,臺南市,安平區,,,國勝路82號
3750,臺南市,安平區,,,國勝路82號
3837,新竹市,香山區,,,
3838,臺南市,東區,,,
3839,臺南市,東區,,,裕信路237號
3840,臺南市,東區,,,裕信路237號
3841,臺南市,安平區,,,育平路320號
3842,臺南市,中西區,,,臺南市中西區忠義路二段 1 號
3843,高雄市,新興區,,,1鄰中正三路34號3樓
3844,臺南市,鹽水區,,,過港路21號
3845,臺南市,東區,,,裕信路237號
3846,臺南市,新營區,,,中正路23號
3635,臺中市,北屯區,,,興安路一段162號
3636,高雄市,鹽埕區,,,4鄰河西路10號
3637,臺南市,安南區,,,安中路二段 301號3樓
3638,臺南市,安南區,,,安中路二段 301號3樓
3639,臺南市,安南區,,,城安路85號
3640,臺北市,中正區,,,八德路一段1號
3982,新竹縣,竹北市,,,縣政九路146號
3983,,,,,
3984,南投縣,草屯鎮,,,中正路573號
3985,中正區,襄陽路,,,2號(二二八公園內)
3986,臺北市,中正區,,,南昌路一段1號
3987,臺南市,中西區,,,中華西路二段34號
3988,,,,,
3751,高雄市,鹽埕區,,,4鄰河西路10號
3752,臺北市,北投區,,,
3753,南投縣,魚池鄉,,,中山路
3754,南投縣,魚池鄉,,,中山路
3847,臺南市,麻豆區,,,總爺5號
3848,新竹市,北區,,,國華街68號2、3樓
3849,臺南市,新營區,,,中正路23號
3850,臺南市,關廟區,,,文化街1號
3851,桃園市,中壢區,,,復興路99號
3852,桃園市,桃園區,,,縣府路21號
3853,桃園市,桃園區,,,縣府路21號
3854,桃園市,龜山區,,,自強南路97號
3855,桃園市,桃園區,,,中正路77巷5號
3641,臺北市,中正區,,,八德路一段1號
3642,臺北市,中正區,,,八德路一段1號
3643,臺北市,大安區,,,和平東路一段162號
3989,新竹市,東區,,,文化街8號
3990,新北市,三峽區,,,中華路43巷10號
3991,台北市,中山北,,,路二段113號3樓
3992,台北市,南海路,,,47號
3993,台北市,中山南,,,路21-1號
3994,高雄市,鳳山區,,,三多一路1號
3995,高雄市,鳳山區,,,三多一路1號
3996,臺南市,新市區,,,民族路192號
3755,南投縣,魚池鄉,,,中山路
3756,南投縣,魚池鄉,,,中山路
3757,臺南市,仁德區,,,正義一街39號2樓
3758,南投縣,魚池鄉,,,中山路
3759,臺中市,西區,,,五權西路一段2號
3856,桃園市,桃園區,,,
3857,高雄市,鳳山區,,,7鄰自強一路119巷75號
3858,桃園市,桃園區,,,
3859,高雄市,美濃區,,,6鄰中正路一段59號
3860,臺南市,仁德區,,,仁義路130號
3861,臺南市,將軍區,,,
3644,臺北市,大安區,,,仁愛路三段55號
3645,臺北市,大安區,,,仁愛路三段55號
3646,臺北市,大安區,,,仁愛路三段55號
3997,臺北市,大同區,,,寧夏路89號
3998,臺北市,士林區,,,外雙溪至善路2段221號
3999,高雄市,前鎮區,,,8鄰新衙路17號
4000,高雄市,前鎮區,,,8鄰新衙路17號
4001,臺南市,中西區,,,中正路1號
3760,臺北市,大同區,,,
3761,臺中市,西區,,,五權西路一段2號
3762,苗栗縣,苗栗市,,,自治路50號
3763,臺南市,中西區,,,友愛街8-3號
3382,臺北市,內湖區,,,
3383,臺北市,信義區,,,光復南路133號
3384,臺北市,信義區,,,光復南路133號
3385,臺北市,信義區,,,市府路1號
3386,,,,,
3387,臺北市,信義區,,,光復南路133號
3388,臺北市,信義區,,,
3523,臺北市,中正區,,,八德路一段1號
3524,臺中市,西屯區,,,惠來路二段101號
3525,臺中市,西屯區,,,惠來路二段101號
3526,臺北市,中正區,,,八德路一段1號
3527,臺北市,中正區,,,八德路一段1號
3144,臺北市,信義區,,,仁愛路四段505號
3145,南投縣,南投市,,,光榮北路1號
3146,臺中市,清水區,,,忠貞路21號
3147,南投縣,南投市,,,中學路1號
3148,臺中市,清水區,,,忠貞路21號
3149,雲林縣,斗六市,,,大學路三段310號
3150,雲林縣,北港鎮,,,公園路66號
3259,新北市,新莊區,,,四維路9號3-5樓
3260,新北市,新莊區,,,四維路9號3-5樓
3261,新北市,新莊區,,,裕民街136號4-5樓
3262,新北市,新莊區,,,裕民街136號4-5樓
3263,新北市,新莊區,,,西盛街216號
3264,新北市,新莊區,,,西盛街216號
3389,臺北市,北投區,,,臺北市北投區中山路6號
3390,雲林縣,虎尾鎮,,,林森路一段528號
3391,雲林縣,斗六市,,,大學路三段310號
3392,雲林縣,斗六市,,,大學路三段310號
3393,雲林縣,斗六市,,,大學路三段310號
3394,,,,,
3395,,,,,
3396,,,,,
3397,,,,,
3022,臺北市,中山區,,,新生北路三段62巷24號
3023,臺中市,西區,,,樂群街38號
3024,新北市,板橋區,,,中正路435號
3151,南投縣,草屯鎮,,,中正路573號
3152,臺中市,中區,,,
3153,臺北市,中山區,,,
3154,新北市,萬里區,,,瑪鍊路２２１號４樓
3155,苗栗縣,卓蘭鎮,,,中山路125-1號
3156,新北市,金山區,,,龜子山8號
3157,苗栗縣,卓蘭鎮,,,中山路125-1號
3158,苗栗縣,卓蘭鎮,,,中山路125-1號
3159,苗栗縣,竹南鎮,,,公園路206號
3265,臺南市,中西區,,,
3266,臺北市,信義區,,,仁愛路四段505號
3267,臺北市,信義區,,,仁愛路四段505號
3268,新北市,新莊區,,,西盛街216號
3269,新北市,新莊區,,,西盛街216號
3398,,,,,
3399,南和村,289,,,號
3400,臺中市,西屯區,,,惠來路二段101號
3401,臺中市,西屯區,,,惠來路二段101號
3402,台北市,中山南,,,路21號，藍白建築1樓
3403,新北市,板橋區,,,府中路15號B1
3404,高雄市,鳳山區,,,光遠路161號
3405,桃園市,中壢區,,,馬祖新村11~20號
3406,桃園市,中壢區,,,馬祖新村11~20號
3025,南投縣,草屯鎮,,,中正路573號
3026,臺南市,中西區,,,中華西路二段34號
3027,中央路,241,,,號6樓
3028,桃園市,中壢區,,,中山路41號7樓A室
3029,臺北市,中山南,,,路21-1號
3030,台南市,中西區,,,永華一街75號
3031,台北市,中山區,,,南京東路二段124號9樓
3160,新北市,新莊區,,,自由路1號3-5樓
3161,臺中市,西屯區,,,文華路100號
3162,臺北市,全區域,,,
3163,金門縣,金城鎮,,,民權路32號
3164,新北市,鶯歌區,,,陶瓷街18號3樓
3270,新北市,新莊區,,,裕民街136號4-5樓
3271,臺中市,南區,,,五權南路335號
3272,臺中市,南區,,,五權南路335號
3273,臺北市,中正區,,,中山南路21號
3274,臺北市,全區域,,,
3275,高雄市,三民區,,,002鄰大順二路468號
3276,高雄市,三民區,,,002鄰大順二路468號
3407,桃園市,楊梅區,,,校前路41號2-3樓
3408,桃園市,楊梅區,,,中華街66巷45號
3409,桃園市,楊梅區,,,中興路145號
3410,桃園市,楊梅區,,,光華街26號
3411,桃園市,楊梅區,,,中興路145號
3412,桃園市,楊梅區,,,中華街66巷45號
3413,桃園市,楊梅區,,,校前路41號2-3樓
3414,南投縣,水里鄉,,,車埕火車站旁
3415,南投縣,南投市,,,中正路2號
3416,南投縣,南投市,,,中正路2號
3417,南投縣,集集鎮,,,
3418,南投縣,集集鎮,,,
3032,苗栗市,自治路,,,50號
3033,苗栗縣,竹南鎮,,,公園路206號B1
3034,新北市,板橋區,,,大觀路一段59號
3035,新北市,蘆洲區,,,中山二路162號2樓
3036,台北市,中山北,,,路二段113號3樓
3037,臺北市,迪化街,,,一段21號8樓
3038,臺北市,中山南,,,路21-1號，信義路側
3039,高雄市,前鎮區,,,新光路61號
3040,臺中市,東勢區,,,
3041,臺中市,太平區,,,
3042,臺中市,龍井區,,,
3043,臺中市,中區,,,
3044,臺中市,東區,,,
3045,臺中市,東區,,,
3046,臺中市,大里區,,,
3047,臺中市,潭子區,,,
3048,臺中市,潭子區,,,
3049,臺中市,和平區,,,
3050,臺中市,沙鹿區,,,
3165,臺中市,西區,,,五權西路一段2號
3166,臺北市,106,,,台北市大安區潮州街15號
3167,高雄市,復興三,,,路5號
3168,彰化縣,彰化市,,,74卦山路18號
3169,臺北市,大同區,,,南昌路一段1號
3277,臺中市,南區,,,五權南路335號
3278,臺北市,中正區,,,南海路41號
3279,臺中市,豐原區,,,市政路2號
3280,臺中市,豐原區,,,市政路2號
3281,新北市,板橋區,,,貴興路139號
3282,臺中市,豐原區,,,市政路2號
3283,臺中市,豐原區,,,市政路2號
3284,臺中市,豐原區,,,市政路2號
3285,臺中市,豐原區,,,市政路2號
3286,臺中市,豐原區,,,市政路2號
3287,臺中市,豐原區,,,臺中市豐原區水源路17巷2號
3288,臺中市,豐原區,,,臺中市豐原區水源路17巷2號
3289,臺南市,中西區,,,南門路與樹林街交叉路口
3419,南投縣,集集鎮,,,
3420,南投縣,集集鎮,,,民生路65號
3421,南投縣,南投市,,,中興新村光華路 123 號
3422,南投縣,南投市,,,中興新村光華路 123 號
3423,南投縣,南投市,,,中興新村光華路 123 號
3424,,,,,
3425,,,,,
3426,臺北市,中正區,,,仁愛路一段17號
3427,臺北市,台北市,,,中山區民權東路三段1號
3051,臺中市,豐原區,,,
3052,臺中市,大安區,,,
3053,臺中市,大雅區,,,
3054,臺中市,中區,,,
3055,臺中市,太平區,,,
3056,臺中市,后里區,,,文化路28號
3170,臺北市,信義區,,,仁愛路四段505號
3171,臺中市,西區,,,五權西路一段2號
3172,,,,,
3173,臺北市,大同區,,,延平北路二段33號
3174,,,,,
3175,高雄市,鳳山區,,,三多一路1號
3176,雲林縣,北港鎮,,,公園路66號
3177,臺北市,中山南,,,路21-1號
3178,南投縣,埔里鎮,,,中華路239號
3179,台北市,北投區,,,學園路1號
3180,台北市,南海路,,,47號
3181,臺北市,中山南,,,路21-1號，信義路側
3182,員林市,大饒里,,,員林大道二段99號
3290,臺中市,中區,,,成功路300號7樓
3291,臺中市,中區,,,成功路300號7樓
3292,臺中市,中區,,,成功路300號7樓
3293,高雄市,三民區,,,陽明路300號3樓
3294,臺南市,白河區,,,
3295,臺南市,白河區,,,
3296,臺南市,白河區,,,
3428,新北市,鶯歌區,,,陶瓷街18號3樓
3429,新竹縣,竹北市,,,縣政九路146號
3430,臺東縣,臺東市,,,台東市大同路254號
3431,南投縣,草屯鎮,,,中正路573號
3057,臺中市,后里區,,,文化路28號
3058,臺中市,梧棲區,,,民生街15之77號
3059,臺中市,西區,,,精誠路256號
3060,臺中市,梧棲區,,,民生街15之77號
3061,臺中市,西區,,,精誠路256號
3062,新北市,中和區,,,中和路390號2樓
3063,臺中市,中區,,,成功路300號7樓
3183,臺南市,東區,,,林森路二段46號
3184,臺南市,東區,,,林森路二段46號
3185,臺南市,東區,,,林森路二段46號
3186,桃園市,楊梅區,,,
3187,桃園市,楊梅區,,,
3188,臺南市,下營區,,,文化街117號
3189,高雄市,苓雅區,,,
3190,高雄市,苓雅區,,,
3191,高雄市,新興區,,,6鄰民生一路271號
3192,臺南市,鹽水區,,,月津路14之1號
3193,臺北市,內湖區,,,成功路5段31號
3297,臺北市,士林區,,,雨農路17-2號1樓
3298,臺南市,白河區,,,
3299,臺南市,白河區,,,
3300,臺中市,清水區,,,忠貞路21號
3301,臺中市,清水區,,,忠貞路21號
3302,臺中市,清水區,,,忠貞路21號
3303,臺中市,西區,,,英才路600號
3304,臺中市,西區,,,英才路600號
3432,宜蘭縣,五結鄉,,,五濱路二段201號
3433,臺北市,士林區,,,文林路751號
3434,臺北市,士林區,,,文林路751號
3435,臺北市,士林區,,,文林路751號
3436,臺北市,士林區,,,文林路751號
3437,臺北市,士林區,,,文林路751號
3438,臺北市,士林區,,,文林路751號
3439,臺北市,士林區,,,文林路751號
3440,臺北市,信義區,,,仁愛路4段505號
3441,臺北市,中山南,,,路21-1號，信義路側
3442,臺北市,中山南,,,路21-1號
3443,竹北市,縣政九,,,路146號
3444,桃園市,桃園區,,,縣府路21號
3445,桃園市,中壢區,,,中和路39號
3446,高雄市,三民區,,,九如一路720號
3447,臺北市,延平南,,,路98號
3448,臺北市,中山南,,,路21-1號
3449,台北市,信義區,,,菸廠路88號B1
3450,臺中市,清水區,,,忠貞路21號
3451,臺北市,中山南,,,路21-1號，信義路側
3064,新北市,板橋區,,,民生路一段30號
3065,新北市,板橋區,,,民生路一段30號
3066,金門縣,金城鎮,,,
3067,新北市,中和區,,,民享街37號2樓
3068,新北市,中和區,,,民享街37號2樓
3069,新北市,中和區,,,民享街37號2樓
3194,臺北市,中山區,,,
3195,臺北市,士林區,,,
3196,臺北市,信義區,,,
3197,南投縣,南投市,,,彰南路二段61號
3198,臺南市,南區,,,
3305,臺北市,大同區,,,赤峰街47巷16號2樓
3306,臺北市,大同區,,,赤峰街47巷16號2樓
3307,臺北市,大同區,,,赤峰街47巷16號2樓
3308,臺北市,士林區,,,文林路751號
3309,桃園市,桃園區,,,縣府路21號
3452,高雄市,前鎮區,,,新光路61號
3453,基隆市,中正區,,,北寧路369巷61號
3454,桃園市,桃園區,,,中正路1188號
3455,桃園市,中壢區,,,中美路76號
3456,桃園市,中壢區,,,光華三街10號2、3樓
3457,桃園市,中壢區,,,台貿一街100號
3458,桃園市,中壢區,,,強國路60號
3070,新北市,貢寮區,,,興隆街36號
3071,新北市,中和區,,,民享街37號2樓
3072,新北市,中和區,,,民享街37號2樓
3073,新北市,中和區,,,民享街37號2樓
3074,新北市,中和區,,,民享街37號2樓
3075,臺北市,中正區,,,漢口街一段82號2樓
3199,臺北市,中正區,,,
3200,臺北市,內湖區,,,
3201,臺北市,全區域,,,
3310,臺中市,西屯區,,,惠來路二段101號
3311,台北市,萬華區,,,成都路10號
3312,臺中市,太平區,,,大興路201號
3313,台北市,林森北,,,路107巷69號
3314,台北市,林森北,,,路107巷10號
3315,臺北市,中山南,,,路21-1號，信義路側
3316,高雄市,鳳山區,,,三多一路1號
3317,屏東市,民生路,,,4-17號
3318,臺南市,安南區,,,安吉路一段205、207號
3319,臺南市,鹽水區,,,過港路21號
3320,臺南市,新營區,,,中正路23號
3321,桃園市,大園區,,,
3322,桃園市,觀音區,,,新生路76巷8弄1號2樓之1
3323,桃園市,觀音區,,,文化路2號4樓 (觀音文教大樓4樓)
3324,桃園市,觀音區,,,大觀路一段579-1號2樓
3325,臺南市,安南區,,,安吉路一段205、207號
3459,桃園市,龍潭區,,,中興路680號
3460,桃園市,龍潭區,,,中興路680號
3461,桃園市,中壢區,,,中美路76號
3462,桃園市,中壢區,,,光華三街10號2、3樓
3463,桃園市,中壢區,,,台貿一街100號
3464,桃園市,中壢區,,,強國路60號
3465,桃園市,中壢區,,,中美路76號
3466,桃園市,中壢區,,,光華三街10號2、3樓
3467,桃園市,中壢區,,,台貿一街100號
3468,桃園市,中壢區,,,強國路60號
3469,桃園市,楊梅區,,,光華街26號
3076,臺北市,羅斯福,,,路四段一號
3077,臺北市,中正區,,,南海路41號3F
3078,臺北市,大同區,,,濟南路二段27號 悅讀館
3079,臺北市,士林區,,,文林路751號
3080,臺北市,信義區,,,仁愛路四段505號
3202,臺北市,大同區,,,
3203,,,,,
3204,臺北市,和平東,,,路一段180號7樓
3326,臺南市,安南區,,,安吉路一段205、207號
3327,臺南市,安南區,,,安吉路一段205、207號
3328,臺南市,安南區,,,安吉路一段205、207號
3329,嘉義市,東區,,,忠孝路275號
3330,臺南市,左鎮區,,,61-1號
3331,臺南市,新營區,,,中正路23號
3332,臺南市,中西區,,,中正路5巷1號
3333,臺南市,東區,,,中華東路三段332號
3470,桃園市,楊梅區,,,中興路145號
3471,桃園市,楊梅區,,,中華街66巷45號
3472,新北市,新莊區,,,中港路350號4-8樓
3473,新北市,新莊區,,,中港路350號4-8樓
3474,新北市,新莊區,,,裕民街136號4-5樓
3475,新北市,新莊區,,,裕民街136號4-5樓
3476,新北市,新莊區,,,自由路1號3-5樓
3477,新北市,新莊區,,,裕民街136號4-5樓
3478,新北市,新莊區,,,四維路9號3-5樓
3479,新北市,新莊區,,,西盛街216號
3081,臺中市,西區,,,五權西路一段2號
3082,臺中市,西區,,,五權西路一段2號
3205,臺北市,100,,,台灣台北市中正區金門街11-1號
3206,臺北市,108,,,台灣台北市萬華區康定路173巷5號
3207,,,,,
3334,臺南市,東區,,,中華東路三段332號
3335,臺南市,東區,,,中華東路三段332號
3336,臺南市,東區,,,中華東路三段332號
3337,臺南市,東區,,,中華東路三段332號
3338,新北市,萬里區,,,瑪鍊路２２１號４樓
3339,新北市,萬里區,,,瑪鍊路２２１號４樓
3340,新北市,萬里區,,,瑪鍊路２２１號４樓
3341,新北市,萬里區,,,瑪鍊路２２１號４樓
3342,新北市,金山區,,,龜子山8號
3480,新北市,新莊區,,,西盛街216號
3481,新北市,石碇區,,,
3482,新北市,石碇區,,,碇坪路一段65號
3483,新北市,石碇區,,,碇坪路一段65號
3484,新北市,石碇區,,,碇坪路一段65號
3083,臺北市,萬華區,,,昆明街142號2樓
3084,嘉義縣,嘉義縣,,,布袋鎮海興街6號
3085,新北市,樹林區,,,樹新路40-8號
3086,臺中市,學士路,,,98號
3087,新北市,蘆洲區,,,中山二路162號2樓
3088,苗栗縣,竹南鎮,,,公園路206號
3089,宜蘭市,中山路,,,二段482號
3090,台南市,中華東,,,路3段332號
3091,駁二藝,術特區,,,蓬萊區B9倉庫近高捷西子灣站出口二
3092,民雄鄉,建國路,,,2段265號
3093,臺北市,中山南,,,路21-1號，信義路側
3094,新竹縣,竹北市,,,嘉豐南路一段122號
3095,臺南市,新化區,,,中山路132號
3096,臺南市,楠西區,,,中正路309號
3208,臺北市,中正區,,,中山南路21號
3209,臺北市,中正區,,,中山南路21號
3210,臺北市,中正區,,,中山南路21號
3211,中正區,襄陽路,,,2號(二二八公園內)
3343,新北市,金山區,,,龜子山8號
3344,新北市,金山區,,,龜子山8號
3345,新北市,石門區,,,中央路9之3號2樓
3346,新北市,石門區,,,中央路9之3號2樓
3347,新北市,石門區,,,中央路9之3號2樓
3348,新北市,三芝區,,,淡金路1段37號
3349,新北市,三芝區,,,淡金路1段37號
3485,新北市,雙溪區,,,太平路50號3樓
3486,臺中市,全區域,,,
3487,臺中市,豐原區,,,圓環東路782號
3488,臺中市,豐原區,,,圓環東路782號
3489,臺中市,豐原區,,,圓環東路782號
3490,臺中市,豐原區,,,圓環東路782號
3491,臺北市,中正區,,,中山南路20號
3492,臺中市,大雅區,,,雅潭路四段800號
3493,臺中市,大雅區,,,雅潭路四段800號
3494,新北市,蘆洲區,,,永平街1號3樓
3097,高雄市,新興區,,,1鄰中正三路34號3樓
3098,桃園市,楊梅區,,,
3099,桃園市,楊梅區,,,光華街26號
3100,桃園市,楊梅區,,,光華街26號
3101,桃園市,楊梅區,,,中華街66巷45號
3102,桃園市,楊梅區,,,校前路41號2-3樓
3103,新竹市,東區,,,
3104,臺南市,北門區,,,港北49號
3105,臺南市,下營區,,,文化街117號
3106,臺中市,南屯區,,,
3107,臺中市,大肚區,,,
3108,高雄市,甲仙區,,,6鄰中山路48號
3109,高雄市,三民區,,,002鄰大順二路468號
3212,中正區,襄陽路,,,25號(臺博館斜對面)
3213,臺東縣,臺東市,,,博物館路1號
3214,臺北市,北投區,,,學園路一號
3215,新竹市,54東,,,大路二段17號
3216,新竹市,54東,,,大路二段17號
3217,新竹市,54東,,,大路二段17號
3218,,,,,
3219,,,,,
3220,臺中市,西屯區,,,惠來路二段101號
3221,台南市,中西區,,,永華一街59號
3350,新北市,三芝區,,,淡金路1段37號
3351,新北市,三芝區,,,淡金路1段37號
3352,新北市,三峽區,,,永安街9巷5號2樓
3353,新北市,新莊區,,,四維路9號3-5樓
3354,新北市,新莊區,,,中港路350號4-8樓
3355,新北市,新莊區,,,四維路9號3-5樓
3356,新北市,板橋區,,,貴興路139號
3495,新北市,蘆洲區,,,永平街1號3樓
3496,新北市,蘆洲區,,,永安南路2段134號2樓
3497,新北市,蘆洲區,,,民權路143號
3498,新北市,蘆洲區,,,長安街96號3樓
3110,高雄市,苓雅區,,,001鄰五福一路67號
3111,高雄市,苓雅區,,,001鄰五福一路67號
3112,高雄市,三民區,,,002鄰大順二路468號
3113,臺中市,新社區,,,
3114,臺中市,潭子區,,,得天街33號
3115,高雄市,橋頭區,,,24鄰隆豐路7號
3116,高雄市,杉林區,,,
3117,高雄市,林園區,,,林園北路236號
3118,高雄市,旗津區,,,中洲三路528號
3119,高雄市,旗津區,,,中洲三路528號
3222,新竹市,大學路,,,1001號
3223,高雄市,鳳山區,,,三多一路1號
3224,臺中市,西屯區,,,惠來路二段101號
3225,臺北市,中山南,,,路21-1號
3226,台北市,中山南,,,路21-1號
3227,金門縣,金城鎮,,,環島北路一段66號
3228,臺北市,迪化街,,,一段21號8樓
3229,臺北市,迪化街,,,一段21號8樓
3230,臺北市,迪化街,,,一段21號9樓
3231,新竹市,大學路,,,1001號
3232,高雄市,鹽埕區,,,河西路99號
3233,高雄市,鳳山區,,,三多一路1號
3234,高雄市,楠梓區,,,德惠路55號3樓
3235,高雄市,美濃區,,,6鄰中正路一段59號
3236,高雄市,大社區,,,7鄰自強街11號
3237,新竹市,東區,,,光復路二段101號
3238,新北市,八里區,,,博物館路200號
3357,新北市,板橋區,,,貴興路139號
3358,新北市,板橋區,,,貴興路139號
3359,新北市,板橋區,,,貴興路139號
3360,新北市,蘆洲區,,,永平街1號3樓
3361,高雄市,鼓山區,,,6鄰美術館路80號
3362,新北市,石碇區,,,碇坪路一段65號
3363,臺中市,清水區,,,忠貞路21號
3499,新北市,蘆洲區,,,長安街96號3樓
3500,新北市,蘆洲區,,,長安街96號3樓
3501,新北市,石碇區,,,碇坪路一段65號
3502,臺北市,大同區,,,民族西路141號
3503,新北市,板橋區,,,
3120,高雄市,旗津區,,,中洲三路528號
3121,高雄市,旗津區,,,中洲三路528號
3122,臺中市,石岡區,,,
3123,臺中市,西區,,,樂群街38號
3124,高雄市,鼓山區,,,6鄰美術館路80號
3125,新北市,中和區,,,民享街37號2樓
3126,新北市,中和區,,,民享街37號2樓
3239,臺南市,東區,,,中華東路三段332號
3240,高雄市,楠梓區,,,德惠路55號3樓
3241,高雄市,三民區,,,陽明路300號3樓
3242,高雄市,彌陀區,,,2鄰中正路281巷50號
3243,臺南市,仁德區,,,
3244,高雄市,茄萣區,,,24鄰濱海路四段31巷1號
3245,高雄市,三民區,,,4鄰裕誠路1號
3364,臺中市,清水區,,,忠貞路21號
3365,臺中市,清水區,,,忠貞路21號
3366,桃園市,大園區,,,高鐵北路二段140號7樓
3367,嘉義縣,布袋鎮,,,
3368,臺北市,大安區,,,和平東路一段180號7樓
3504,臺南市,中西區,,,
3505,臺北市,中正區,,,八德路一段1號
3506,臺北市,中正區,,,八德路一段1號
3507,新北市,板橋區,,,陽明街166號
3508,新北市,板橋區,,,陽明街166號
3509,新北市,板橋區,,,陽明街166號
3510,新北市,板橋區,,,陽明街166號
3511,新北市,板橋區,,,陽明街166號
3512,新北市,板橋區,,,陽明街166號
3127,臺北市,萬華區,,,康定路、昆明街之間的廣州街北側，老松國小的南側
3128,臺北市,萬華區,,,康定路、昆明街之間的廣州街北側，老松國小的南側
3129,新北市,中和區,,,民享街37號2樓
3130,新北市,中和區,,,民享街37號2樓
3131,新北市,瑞芳區,,,
3246,高雄市,鹽埕區,,,8鄰大勇路1號
3247,高雄市,苓雅區,,,8鄰青年二路101號4-5樓
3248,高雄市,苓雅區,,,8鄰青年二路101號4-5樓
3249,高雄市,永安區,,,005鄰永華路49號
3250,新北市,金山區,,,龜子山8號
3251,新北市,石門區,,,中央路9之3號2樓
3369,新北市,新店區,,,北新路三段105巷2號3樓
3370,新北市,新店區,,,北新路三段105巷2號3樓
3371,屏東縣,屏東市,,,民生路4-17號
3372,屏東縣,屏東市,,,
3373,臺南市,新營區,,,中正路23號
3374,新北市,雙溪區,,,太平路50號3樓
3375,臺南市,新營區,,,大同路39號
3376,新北市,雙溪區,,,太平路50號3樓
3513,新北市,板橋區,,,陽明街166號
3514,新北市,板橋區,,,中正路375巷48號3樓
3515,新北市,板橋區,,,文化路一段23號3樓
3516,新北市,板橋區,,,文化路一段23號3樓
3517,新北市,板橋區,,,文化路一段23號3樓
3518,新北市,板橋區,,,文化路一段23號3樓
3519,新北市,板橋區,,,文化路一段23號3樓
3520,新北市,板橋區,,,文化路一段23號3樓
3521,臺北市,中正區,,,八德路一段1號
3522,臺北市,中正區,,,八德路一段1號
3132,新北市,瑞芳區,,,輕便路137號
3133,新北市,瑞芳區,,,輕便路137號
3134,臺北市,大同區,,,
3135,臺北市,松山區,,,
3136,臺北市,文山區,,,
3137,南投縣,南投市,,,光榮北路1號
3138,臺北市,信義區,,,仁愛路四段505號
3139,澎湖縣,馬公市,,,六合路300號
3140,南投縣,南投市,,,光榮北路1號
3141,南投縣,南投市,,,光榮北路1號
3142,南投縣,南投市,,,光榮北路1號
3143,臺北市,信義區,,,仁愛路四段505號
3252,新北市,石門區,,,中央路9之3號2樓
3253,新北市,三芝區,,,淡金路1段37號
3254,新北市,新莊區,,,中港路350號4-8樓
3255,新北市,新莊區,,,中港路350號4-8樓
3256,新北市,新莊區,,,中華路一段2號5-6樓
3257,新北市,新莊區,,,中華路一段2號5-6樓
3258,新北市,新莊區,,,自由路1號3-5樓
3377,臺中市,西屯區,,,灣大道四段1727號
3378,臺南市,佳里區,,,六安130號
3379,臺中市,西區,,,
3380,臺中市,南區,,,興路三段362號
3381,臺北市,內湖區,,,
4128,臺南市,安平區,,,台南市安平區安億路139號
4129,臺南市,安平區,,,南塭16號
4130,臺北市,中正區,,,青島東路7號4樓
4131,臺南市,中西區,,,民族路二段212號
4132,臺南市,安平區,,,國勝路82號
4133,臺南市,安平區,,,安北路194號
4134,臺南市,中西區,,,民族路二段212號
4257,臺中市,大雅區,,,
4258,新竹縣,竹北市,,,縣政九路146號
4259,新竹縣,竹北市,,,縣政九路146號
4260,,,,,
4261,臺中市,西區,,,五權西路一段2號
4262,臺中市,西區,,,五權西路一段2號
4263,台南市,樹林街,,,二段33號
4264,台北市,濟南路,,,一段7號B1
4013,南投縣,草屯鎮,,,草鞋墩一街8號
4014,南投縣,草屯鎮,,,草鞋墩一街8號
4015,臺南市,中西區,,,中正路1號
4016,臺南市,中西區,,,中正路1號
4017,南投縣,南投市,,,
4018,南投縣,南投市,,,
4135,高雄市,苓雅區,,,001鄰五福一路67號
4136,臺南市,安平區,,,台南市安平區安億路139號
4137,臺南市,安平區,,,南塭16號
4138,臺南市,安平區,,,國勝路82號
4139,臺南市,安平區,,,國勝路82號
4265,,,,,
4266,台北市,萬華區,,,成都路10號
4267,台北市,重慶南,,,路二段51號B1
4268,臺南市,楠西區,,,中正路309號
4269,桃園市,楊梅區,,,
4270,桃園市,中壢區,,,光華三街10號2、3樓
4271,桃園市,龜山區,,,自強南路97號
4272,桃園市,龜山區,,,自強南路97號
4273,桃園市,大溪區,,,
4274,桃園市,中壢區,,,中美路76號
4275,桃園市,觀音區,,,
4276,桃園市,大園區,,,中正西路12之1號4-6樓
4277,桃園市,大園區,,,中正西路12之1號4-6樓
4278,桃園市,大園區,,,三和路5號
4019,南投縣,南投市,,,
4020,南投縣,南投市,,,
4021,高雄市,左營區,,,博愛三路453號
4022,南投縣,南投市,,,
4023,南投縣,南投市,,,
4140,臺南市,安平區,,,國勝路82號
4141,臺南市,安平區,,,安北路194號
4142,臺南市,安平區,,,台南市安平區安億路139號
4143,臺南市,安平區,,,南塭16號
4144,臺南市,中西區,,,民族路二段212號
4145,臺中市,南區,,,五權南路100號
4279,桃園市,大園區,,,中正西路12之1號4-6樓
4280,桃園市,大園區,,,中正西路12之1號4-6樓
4281,桃園市,大園區,,,中正西路12之1號4-6樓
4282,桃園市,大園區,,,三和路5號
4283,桃園市,龍潭區,,,
4284,桃園市,復興區,,,
4285,桃園市,大園區,,,9鄰古亭25號
4286,桃園市,蘆竹區,,,吉林路34、36、38、40、42、44、46號，長春路3巷3號1.2樓、4號1.2樓、5號1.2樓，長春路5巷1號1樓
4287,桃園市,蘆竹區,,,吉林路34、36、38、40、42、44、46號，長春路3巷3號1.2樓、4號1.2樓、5號1.2樓，長春路5巷1號1樓
4288,桃園市,蘆竹區,,,吉林路34、36、38、40、42、44、46號，長春路3巷3號1.2樓、4號1.2樓、5號1.2樓，長春路5巷1號1樓
4289,桃園市,蘆竹區,,,吉林路34、36、38、40、42、44、46號，長春路3巷3號1.2樓、4號1.2樓、5號1.2樓，長春路5巷1號1樓
4024,臺南市,中西區,,,中正路1號
4025,南投縣,南投市,,,
4026,高雄市,左營區,,,博愛三路453號
4027,南投縣,南投市,,,
4028,南投縣,南投市,,,
4029,南投縣,南投市,,,
4030,臺北市,北投區,,,學園路1號
4031,南投縣,南投市,,,
4146,臺中市,南區,,,五權南路100號
4147,臺中市,南區,,,五權南路100號
4148,臺中市,南區,,,五權南路100號
4149,臺中市,南區,,,五權南路100號
4290,桃園市,大溪區,,,普濟路33號
4291,桃園市,大溪區,,,公園路30號3樓
4292,桃園市,大溪區,,,康莊路641號 (大溪高中勤學樓1樓)
4293,桃園市,大園區,,,中正西路12之1號4-6樓
4294,桃園市,龜山區,,,
4295,桃園市,桃園區,,,成功路二段179號
4296,桃園市,觀音區,,,
4297,新竹市,東區,,,工業東二路1號3樓
4032,臺南市,東區,,,中華東路三段332號
4033,臺北市,北投區,,,學園路1號
4034,臺北市,北投區,,,學園路1號
4035,臺北市,北投區,,,學園路1號
4036,臺北市,北投區,,,學園路1號
4037,臺北市,北投區,,,學園路1號
4150,臺中市,南區,,,五權南路100號
4151,新北市,新店區,,,
4152,新北市,新莊區,,,
4153,臺南市,中西區,,,臺南市中西區忠義路二段 1 號
4154,,,,,
4155,,,,,
4156,,,,,
4157,,,,,
4158,,,,,
4159,,,,,
4160,臺北市,中山區,,,南京東路二段1號3樓
4161,臺南市,新營區,,,中正路23號
4298,臺北市,中山區,,,伊通街45.47號B1
4299,臺南市,安平區,,,安北路194號
4300,臺南市,安平區,,,台南市安平區安億路139號
4301,臺南市,安平區,,,南塭16號
4302,臺南市,中西區,,,民族路二段212號
4303,臺南市,安平區,,,安北路194號
4038,臺北市,北投區,,,學園路1號
4039,臺北市,北投區,,,學園路1號
4040,臺北市,北投區,,,學園路1號
4041,,,,,
4042,,,,,
4043,臺北市,大同區,,,重慶北路3段318號
4044,臺北市,大同區,,,重慶北路3段318號
4045,臺北市,大同區,,,重慶北路3段318號
4046,新北市,永和區,,,中山路一段236號7樓
4162,臺南市,新營區,,,中正路23號
4163,臺南市,新營區,,,中正路23號
4164,臺南市,新營區,,,中正路23號
4165,臺南市,新營區,,,中正路23號
4166,臺南市,新營區,,,中正路23號
4167,南投縣,草屯鎮,,,中正路573號
4168,雲林縣,臺西鄉,,,
4169,,,,,
4170,,,,,
4171,,,,,
4304,臺南市,安平區,,,台南市安平區安億路139號
4305,臺南市,安平區,,,南塭16號
4306,臺南市,中西區,,,民族路二段212號
4307,新竹市,東區,,,
4308,新竹市,東區,,,
4309,新竹市,東區,,,
4310,新竹市,東區,,,
4311,新竹市,東區,,,
4312,新竹市,東區,,,
4047,臺北市,大安區,,,仁愛路三段五巷三弄11號
4048,臺北市,大安區,,,仁愛路三段五巷三弄11號
4172,臺北市,信義路,,,三段147巷36弄22號
4173,高雄市,復興三,,,路5號
4174,臺北市,中正區,,,羅斯福路三段244巷2號B1
4175,臺北市,中正區,,,羅斯福路三段244巷2號B1
4176,臺北市,中正區,,,羅斯福路三段244巷2號B1
4313,臺北市,松山區,,,
4314,臺北市,大安區,,,
4315,高雄市,岡山區,,,009鄰岡山南路42號
4316,臺南市,楠西區,,,
4317,臺北市,中山區,,,
4049,臺北市,大安區,,,仁愛路三段五巷三弄11號
4050,,,,,
4051,臺北市,中正區,,,中山南路21號
4177,臺北市,中正區,,,中山南路21號
4178,臺東縣,臺東市,,,台東市大同路254號
4179,南投縣,草屯鎮,,,中正路573號
4180,,,,,
4318,臺北市,中山區,,,
4319,臺南市,安南區,,,
4320,臺南市,仁德區,,,仁義路130號
4321,桃園市,中壢區,,,中大路300號
4322,南投縣,草屯鎮,,,史館路文昌巷30號
4323,花蓮縣,花蓮市,,,文復路六號
4052,臺北市,中正區,,,中正區襄陽路2號(二二八公園內)
4053,新北市,樹林區,,,樹新路40-8號
4054,桃園市,桃園區,,,縣府路21號
4055,高雄市,苓雅區,,,001鄰五福一路67號
4056,雲林縣,虎尾鎮,,,林森路一段498號
4057,新竹市,東區,,,光復路二段101號
4181,花蓮縣,花蓮市,,,中華路144號
4182,臺北市,松山區,,,八德路三段12巷51弄17號1樓
4183,,,,,
4184,新竹縣,竹北市,,,文興路一段123號
4185,新竹縣,竹北市,,,文興路一段123號
4324,南投縣,南投市,,,光榮北路1號
4325,花蓮縣,花蓮市,,,文復路六號
4326,南投縣,南投市,,,光榮北路1號
4327,臺南市,安平區,,,
4328,南投縣,南投市,,,光榮北路1號
4329,南投縣,南投市,,,光榮北路1號
4330,花蓮縣,花蓮市,,,永興路2號
4058,高雄市,永安區,,,005鄰永華路49號
4059,高雄市,前鎮區,,,保泰路303號4樓
4060,桃園市,大溪區,,,
4061,桃園市,八德區,,,
4062,高雄市,內門區,,,木柵3-1號
4063,新竹市,東區,,,大學路1001號
4064,高雄市,鹽埕區,,,019鄰中正四路272號
4065,雲林縣,斗六市,,,大學路三段310號
4066,雲林縣,斗六市,,,大學路三段310號
4067,雲林縣,斗六市,,,大學路三段310號
4068,高雄市,前鎮區,,,8鄰新衙路17號
4069,高雄市,永安區,,,005鄰永華路49號
4070,高雄市,三民區,,,陽明路300號3樓
4186,新竹縣,竹北市,,,文興路一段123號
4187,,,,,
4188,臺北市,中正區,,,徐州路21號
4189,新北市,蘆洲區,,,中山二路162號2樓
4190,新北市,蘆洲區,,,中山二路162號2樓
4191,台南市,中西區,,,永華一街75號
4192,台北市,林森北,,,路107巷10號
4193,高雄市,前金區,,,六合二路145號B1
4194,臺南市,新營區,,,中正路23號
4195,苗栗市,自治路,,,50號
4196,高雄市,苓雅區,,,五福一路67號
4197,高雄市,林園區,,,林園北路236號
4198,高雄市,鼓山區,,,6鄰美術館路80號
4199,高雄市,仁武區,,,5鄰中正路80號
4331,南投縣,南投市,,,光榮北路1號
4332,南投縣,南投市,,,光榮北路1號
4333,南投縣,南投市,,,光榮北路1號
4334,南投縣,南投市,,,光榮北路1號
4335,臺南市,南區,,,南門路261號
4336,南投縣,南投市,,,光榮北路1號
4337,南投縣,南投市,,,光榮北路1號
4071,高雄市,左營區,,,2鄰啟文路12號
4072,高雄市,左營區,,,2鄰啟文路12號
4073,新北市,板橋區,,,貴興路139號
4074,臺中市,大里區,,,大新街36-1號
4075,臺中市,大里區,,,大新街36-1號
4076,臺中市,大里區,,,大新街36-1號
4077,臺中市,大里區,,,大新街36-1號
4078,新北市,鶯歌區,,,中山路150號B1至1樓及3至5樓
4079,新北市,鶯歌區,,,中山路150號B1至1樓及3至5樓
4080,新北市,鶯歌區,,,中山路150號B1至1樓及3至5樓
4081,新北市,鶯歌區,,,中山路150號B1至1樓及3至5樓
4200,新竹市,東區,,,大學路1001號
4201,高雄市,茄萣區,,,24鄰濱海路四段31巷1號
4202,高雄市,內門區,,,木柵3-1號
4203,新竹市,北區,,,中正路120號
4204,高雄市,彌陀區,,,14鄰四維路一之一號
4205,高雄市,小港區,,,博學路365號
4206,高雄市,小港區,,,博學路365號
4207,高雄市,湖內區,,,3鄰保生路101號
4208,高雄市,鳳山區,,,6鄰曹公路23號
4209,新竹市,東區,,,大學路1001號
4210,高雄市,大寮區,,,16鄰進學路133號
4338,南投縣,南投市,,,光榮北路1號
4339,花蓮縣,花蓮市,,,文復路六號
4340,花蓮縣,花蓮市,,,文復路六號
4341,花蓮縣,花蓮市,,,文復路六號
4342,花蓮縣,花蓮市,,,文復路六號
4343,嘉義市,東區,,,忠孝路275號
4344,臺南市,新市區,,,
4345,臺南市,六甲區,,,
4346,臺南市,中西區,,,
4082,新北市,鶯歌區,,,二甲路36-2號
4083,新北市,樹林區,,,中和街38號
4084,新北市,三重區,,,忠孝路三段40巷51號三民公園內
4085,新北市,三重區,,,忠孝路三段40巷51號三民公園內
4086,新北市,三重區,,,忠孝路三段40巷51號三民公園內
4087,新北市,三重區,,,忠孝路2段35號(靠近三重228公園)
4088,新北市,土城區,,,金城路一段101號
4089,新北市,三重區,,,忠孝路2段35號(靠近三重228公園)
4090,臺中市,大里區,,,中興路一段163號
4091,新北市,三重區,,,自強路一段158號
4092,臺中市,大里區,,,中興路一段163號
4211,高雄市,前鎮區,,,8鄰新衙路17號
4212,高雄市,前鎮區,,,8鄰新衙路17號
4213,高雄市,左營區,,,博愛三路453號
4214,臺中市,豐原區,,,圓環東路782號
4215,臺中市,北屯區,,,興安路一段162號
4216,臺中市,大安區,,,興安路378號
4217,臺中市,大安區,,,興安路378號
4218,臺中市,大安區,,,興安路378號
4219,臺中市,大安區,,,興安路378號
4220,臺中市,大甲區,,,雁門路172號
4347,臺南市,大內區,,,
4348,臺南市,大內區,,,
4349,臺中市,南區,,,五權南路100號
4350,臺中市,南區,,,五權南路100號
4351,臺中市,南區,,,五權南路100號
4352,臺中市,南區,,,五權南路100號
4353,臺中市,南區,,,五權南路100號
4354,臺中市,南區,,,五權南路100號
4355,臺中市,南區,,,五權南路100號
4356,嘉義市,東區,,,忠孝路275號
4357,臺中市,南屯區,,,博愛街97號
4358,嘉義市,東區,,,忠孝路275號
4359,嘉義市,東區,,,忠孝路275號
4093,新北市,三重區,,,自強路一段158號
4094,新北市,三重區,,,自強路一段158號
4095,臺中市,大里區,,,中興路一段163號
4096,新北市,三重區,,,重安街709號3樓
4097,新北市,三重區,,,重安街709號3樓
4098,新北市,三重區,,,重安街709號3樓
4099,臺中市,烏日區,,,興祥街121號
4100,臺中市,烏日區,,,興祥街121號
4101,臺中市,烏日區,,,興祥街121號
4102,臺中市,烏日區,,,興祥街121號
4103,新北市,三重區,,,仁孝街62號崇德活動中心二樓
4104,臺中市,烏日區,,,興祥街121號
4105,臺中市,烏日區,,,興祥街121號
4221,新竹市,東區,,,
4222,臺中市,西區,,,精誠路256號
4223,高雄市,鳳山區,,,017鄰光遠路161號
4224,高雄市,鳳山區,,,017鄰光遠路161號
4225,臺中市,梧棲區,,,雲集街72號
4226,臺中市,梧棲區,,,雲集街72號
4227,臺中市,梧棲區,,,雲集街72號
4228,臺中市,梧棲區,,,雲集街72號
4229,臺中市,梧棲區,,,雲集街72號
4230,高雄市,阿蓮區,,,6鄰中正路381巷35號2樓
4231,臺中市,太平區,,,太平三街20號
4232,臺中市,太平區,,,太平三街20號
4233,臺中市,太平區,,,太平三街20號
4360,臺南市,東山區,,,
4361,臺中市,北區,,,學士路91號
4362,彰化縣,北斗鎮,,,
4363,臺南市,安平區,,,
4364,彰化縣,彰化市,,,
4365,臺中市,霧峰區,,,
4366,臺南市,中西區,,,
4106,新北市,三重區,,,仁孝街62號崇德活動中心二樓
4107,臺中市,烏日區,,,興祥街121號
4108,臺中市,大里區,,,中興路一段163號
4109,臺中市,烏日區,,,興祥街121號
4110,新北市,土城區,,,和平路24號
4111,新北市,五股區,,,更洲路47號3樓
4112,新北市,五股區,,,西雲路267號2樓
4113,新北市,五股區,,,西雲路165號四、五、六樓
4234,臺中市,太平區,,,中山路一段213號
4235,臺中市,太平區,,,中山路一段213號
4236,臺中市,太平區,,,中山路一段213號
4237,臺中市,太平區,,,中山路一段213號
4238,臺中市,南屯區,,,惠文路489號
4239,臺中市,清水區,,,
4240,臺中市,太平區,,,大興路201號
4367,臺南市,中西區,,,
4114,新北市,五股區,,,西雲路165號四、五、六樓
4115,新北市,五股區,,,西雲路165號四、五、六樓
4116,高雄市,鳳山區,,,6鄰曹公路23號
4117,臺南市,中西區,,,府前路一段191號
4118,新北市,永和區,,,國光路2號
4119,新北市,永和區,,,民權路60號7、8樓
4120,新北市,永和區,,,民權路60號7、8樓
4121,高雄市,左營區,,,博愛三路453號
4241,臺中市,太平區,,,大興路201號
4242,臺中市,太平區,,,大興路201號
4243,臺中市,太平區,,,大興路201號
4244,臺中市,太平區,,,大興路201號
4245,臺中市,太平區,,,大興路201號
4246,臺中市,太平區,,,大興路201號
4247,臺中市,太平區,,,大興路201號
4248,臺中市,太平區,,,大興路201號
4122,高雄市,左營區,,,博愛三路453號
4123,臺南市,左鎮區,,,
4124,臺北市,北投區,,,學園路1號
4125,臺北市,北投區,,,學園路1號
4126,臺南市,安平區,,,國勝路82號
4127,臺南市,安平區,,,安北路194號
4249,臺中市,太平區,,,大興路201號
4250,臺中市,太平區,,,大興路201號
4251,臺中市,太平區,,,大興路201號
4252,臺中市,太平區,,,大興路201號
4253,臺中市,太平區,,,大興路201號
4254,臺中市,太平區,,,大興路201號
4255,臺中市,太平區,,,大興路201號
4256,新竹市,東區,,,光復路二段101號
